,residue_id,CSP,af_rmsd,relax_rmsd,delta_G,delta_G_wt,ddG
0,1,0.005790662,6.707993966745045,8.262214705282256,-1.21,1.5036666666666667,-2.7136666666666667
1,2,0.035309619,4.511444853385568,6.02586952528996,-3.832,-0.6163333333333334,-3.2156666666666665
2,3,0.034570768,3.383591755758745,4.946758653956455,-1.872,-0.11266666666666662,-1.7593333333333334
3,4,0.077364225,3.62899213205051,5.629718276632019,0.611,-0.6256666666666666,1.2366666666666666
4,5,0.0,0.467803660547101,0.8321749311771389,2.007,1.5716666666666665,0.43533333333333357
5,6,0.070058526,0.2869341276759378,0.8048256578180863,-2.187,-1.8563333333333334,-0.33066666666666644
6,7,0.039657508,0.3174839126263505,0.3942893704911303,-6.183,-6.082333333333334,-0.10066666666666624
7,8,0.012951545,0.2613106168235995,0.2202580680087646,-5.474,-5.332333333333334,-0.1416666666666666
8,9,0.027877263,0.3263959812761172,0.2846921871892721,-0.223,0.07266666666666667,-0.2956666666666667
9,10,0.037209166,0.4602846669369555,0.4603689989904688,-4.355,-4.201666666666667,-0.15333333333333332
10,11,0.009063066,0.405522071480685,0.2954495126694418,-5.698,-5.514333333333333,-0.1836666666666673
11,12,0.059412588,0.2976099435813923,0.2876232262465242,-8.567,-8.19,-0.37700000000000067
12,13,0.029317649,0.4263961535861864,0.3941907559906849,-0.891,-0.8343333333333334,-0.05666666666666664
13,14,0.088826336,0.5501293062889447,0.5733626429932954,-1.512,-1.5626666666666666,0.05066666666666664
14,15,0.026935098,0.4916559034115866,0.6464634546346029,-2.469,-2.4143333333333334,-0.05466666666666642
15,16,0.017644764,0.4009098795337779,0.3438283485572338,-1.448,-1.3513333333333335,-0.09666666666666646
16,17,0.082083885,0.3357280759102099,0.3001435010725432,-3.248,-3.9279999999999995,0.6799999999999993
17,18,0.147932026,0.2905086481895897,0.0859168624524386,-0.284,0.25466666666666665,-0.5386666666666666
18,19,0.0,0.1642357593573423,0.1584602253720528,0.51,0.326,0.184
19,20,0.01160079,0.1115142004271487,0.1632525836962531,-8.722,-7.158333333333334,-1.5636666666666654
20,21,0.00184716,0.0954762154056718,0.3688898125022617,-4.162,-2.0673333333333335,-2.0946666666666665
21,22,0.024075296,0.2095553680513625,0.3581774484536886,-3.512,-4.127666666666666,0.6156666666666664
22,23,0.0,0.2820578840725995,0.3393891788336298,-1.999,-2.451333333333333,0.4523333333333328
23,24,0.044265358,0.1648238697408954,0.4569185719040669,-6.834,-7.399333333333334,0.5653333333333341
24,25,0.03877489,0.1962243394420314,0.6622379628461041,-2.182,-2.074,-0.1080000000000001
25,26,0.009463473,0.3241212064379076,0.7399913151176778,-0.775,-0.7593333333333333,-0.015666666666666718
26,27,0.016403229,0.3365725291897672,0.7034150657731602,-1.717,-1.7140000000000002,-0.0029999999999998916
27,28,0.023092833,0.2138842724325504,0.8443207906355009,-4.161,-4.094,-0.06699999999999928
28,29,0.031936388,0.1341490446054,0.6943524876312749,-4.654,-4.987666666666667,0.3336666666666668
29,30,0.026963527,0.0982299923084898,0.7254358779312153,-3.587,-3.3066666666666666,-0.28033333333333355
30,31,0.052915983,0.1745464718586594,0.7608620526346795,-1.923,-2.395,0.472
31,32,0.067809693,0.1921477477162836,0.7428892733531314,-4.463,-3.952,-0.5110000000000001
32,33,0.05876422,0.3536062196994606,0.7367323077018608,-0.303,-0.9246666666666666,0.6216666666666666
33,34,0.0,0.2922936149662258,0.751557317744985,-2.771,-2.191333333333333,-0.5796666666666668
34,35,0.0,0.3025032291918232,0.7438125727023803,-4.6,-4.974999999999999,0.3749999999999991
35,36,0.0,0.3177514368099974,0.56125416789365,-2.416,-2.0946666666666665,-0.32133333333333347
36,37,0.030659639,0.3830294855674108,1.266719809138988,-0.953,-0.5916666666666667,-0.3613333333333333
37,38,0.104381612,0.3408151191770957,0.7421127513620527,-5.735,-5.392,-0.34299999999999997
38,39,0.063280037,0.5464698815441017,1.2489275535249995,-4.751,-4.476333333333333,-0.2746666666666675
39,40,0.003044188,0.6578521532586851,1.080409656718639,-1.147,-1.718,0.571
40,41,0.016583387,0.6484875314543341,1.1908643491485,-2.043,-2.3209999999999997,0.2779999999999996
41,42,0.0,0.5110136000470431,0.9986074263735216,-5.01,-6.062666666666666,1.0526666666666662
42,43,0.0,0.5130591675165338,0.8590949251644862,-7.994,-6.994,-1.0
43,44,0.076393371,0.7030017031689336,0.9494416998119632,-2.396,-2.5536666666666665,0.15766666666666662
44,45,0.063147313,0.7217694873900821,0.8264886427129,-1.305,-0.8233333333333333,-0.4816666666666667
45,46,0.087988238,0.4855861607138707,0.4136138421648248,-1.575,-3.388333333333333,1.8133333333333332
46,47,0.0,0.6991204870302464,0.6365172262154007,-2.524,-2.7456666666666667,0.22166666666666668
47,48,0.0,0.7907778570042611,0.7681907118128996,-6.016,-5.5120000000000005,-0.5039999999999996
48,49,0.0,2.735713304857544,3.1338304778574337,-3.302,-0.2313333333333333,-3.070666666666667
49,50,0.0,0.0,0.0,0.0,-1.3283333333333331,1.3283333333333331
50,51,0.0,1.8736572064587136,2.174133730485249,1.642,1.4346666666666668,0.20733333333333315
51,52,0.0,2.10166769005207,2.0159968695772448,0.368,-0.8623333333333333,1.2303333333333333
52,53,0.0,0.2312550840486444,0.3142360516185703,-4.651,-3.813,-0.8379999999999996
53,54,0.12352655,0.3180184891604118,0.1123128133852879,-5.275,-6.207999999999999,0.9329999999999989
54,55,0.0,0.3699178409517643,0.2636381604872056,-1.73,-2.7433333333333336,1.0133333333333336
55,56,0.0,0.3431747441159374,0.4363646115718007,-2.166,-3.313333333333333,1.147333333333333
56,57,0.0,0.2804065903862353,0.4385959186482428,-7.697,-7.649333333333334,-0.0476666666666663
57,58,0.019544915,0.2880484900823358,0.3372842822999563,-4.855,-3.4890000000000003,-1.366
58,59,0.0,0.4307445153188563,0.2186164859192909,-1.567,-2.2046666666666668,0.6376666666666668
59,60,0.0,0.3699169225522591,0.1873002033569762,-2.827,-3.3906666666666667,0.5636666666666668
60,61,0.0,0.1935125871775672,0.426193846635959,-6.37,-5.288333333333333,-1.081666666666667
61,62,0.022183578,0.2407645307452209,0.4142297316511378,-3.678,-1.9176666666666666,-1.7603333333333333
62,63,0.009611196,0.5069431576678164,0.366722643240461,-2.969,-2.202,-0.7669999999999999
63,64,0.048328299,0.5556708951077104,0.4944539634690731,-6.412,-3.8979999999999997,-2.5140000000000002
64,65,0.036845557,0.4956546490408688,0.7261651044403609,-3.136,-3.6006666666666667,0.46466666666666656
65,66,0.032233511,0.611827214058622,0.9283968738179492,-1.194,-1.4273333333333333,0.2333333333333334
66,67,0.002273053,0.8741922456486911,0.7277177851378559,-5.263,-3.23,-2.033
67,68,0.030109266,0.9232649546658966,1.1983909549517702,-2.543,-2.028,-0.5150000000000001
68,69,0.051497982,0.9910311251617536,1.621465779976692,-0.15,-0.6296666666666666,0.4796666666666666
69,70,0.025169556,1.2595298238029566,1.5345337907182726,-1.446,-1.2156666666666667,-0.23033333333333328
70,71,0.027695952,1.6023118692633438,1.5634108971383869,-0.835,-0.6613333333333333,-0.17366666666666664
71,72,0.021567955,1.370112811389453,2.273973623003412,0.878,0.056333333333333346,0.8216666666666667
