Residue,Residue_isoform,ResidueType,RMSD_original,RMSD_af,RMSD_relax,ddG_original,ddG_af,ddG_relax,dG_iso_original,dG_ref_original,dG_iso_af,dG_ref_af,dG_iso_relax,dG_ref_relax,plddt_iso,plddt_ref,rsa_iso_original,rsa_ref_original,rsa_iso_af,rsa_ref_af,rsa_iso_relax,rsa_ref_relax
1,5,T,15.73262983588174,16.291422208453668,19.08067367372815,7.057,3.187,1.704,9.93,2.873,2.02,-1.167,0.003,-1.701,73.13034951828013,96.48627137216089,0.5985915492957746,0.9507042253521126,0.528169014084507,0.8732394366197183,0.8732394366197183,0.8591549295774648
2,13,L,2.022991067286242,0.41244624222327697,0.8336980867089419,5.294,-0.073,1.537,1.794,-3.5,-6.224,-6.151,-5.162,-6.699,97.59138693183608,98.64173960386147,0.042682926829268296,0.042682926829268296,0.018292682926829267,0.07926829268292683,0.006097560975609756,0.08536585365853659
3,14,I,1.9080204443210707,0.3542228932162933,0.9381609771603099,9.019,-0.856,-0.968,4.115,-4.904,-5.889,-5.033,-6.54,-5.572,98.52228905664326,98.7961042329415,0.1952662721893491,0.28994082840236685,0.1952662721893491,0.31952662721893493,0.24260355029585798,0.3076923076923077
4,15,V,1.6759801051450942,0.24803548013352572,0.6784577066151466,4.499,0.12,0.081,-2.139,-6.638,-5.099,-5.219,-5.744,-5.825,98.83188770447885,98.89446561786643,0.007042253521126761,0.007042253521126761,0.007042253521126761,0.014084507042253521,0.014084507042253521,0.007042253521126761
5,16,T,1.7279523998157704,0.21907810010644874,0.6739385319830034,2.833,-1.101,-0.857,0.356,-2.477,-3.37,-2.269,-4.698,-3.841,98.88998095619512,98.83330975579811,0.014084507042253521,0.028169014084507043,0.0,0.02112676056338028,0.014084507042253521,0.04225352112676056
6,17,T,1.5250680548736886,0.184386446046844,0.6626826695466397,5.419,0.116,0.094,1.442,-3.977,-4.867,-4.983,-6.707,-6.801,98.76003424155563,98.57277903910226,0.014084507042253521,0.028169014084507043,0.007042253521126761,0.02112676056338028,0.02112676056338028,0.028169014084507043
7,18,I,1.7335760735165933,0.17095329912713186,0.7362262368872685,6.008,0.15,0.073,3.563,-2.445,-3.779,-3.929,-4.784,-4.857,97.74908914641478,96.36704650872207,0.11834319526627218,0.09467455621301775,0.08875739644970414,0.08284023668639054,0.07100591715976332,0.07100591715976332
8,19,L,1.7207244337555991,0.22883876013327523,0.7278794923480781,1.393,-0.049,0.603,-0.191,-1.584,-2.369,-2.32,-2.163,-2.766,97.4329893006616,96.32001259439986,0.4817073170731707,0.43902439024390244,0.4451219512195122,0.4268292682926829,0.5,0.4878048780487805
9,20,E,1.5903296796258768,0.2744778000196672,0.7707417293472512,1.681,0.522,0.602,-0.879,-2.56,-3.658,-4.18,-4.784,-5.386,96.60308425924387,96.07557269203953,0.13917525773195877,0.41237113402061853,0.1134020618556701,0.14432989690721648,0.20618556701030927,0.15979381443298968
10,21,E,1.2920033755151772,0.3560065953734081,0.7431882224811862,-1.501,-0.164,0.875,5.33,6.831,2.84,3.004,-0.485,-1.36,95.85895128808433,96.13855205746266,0.3711340206185567,0.5773195876288659,0.5979381443298969,0.5154639175257731,0.5515463917525774,0.4896907216494845
11,22,P,1.0530699670110053,0.21653537701429265,0.6316330826343429,3.977,-1.167,1.069,2.766,-1.211,-3.869,-2.702,-4.691,-5.76,96.93546058362013,97.18522821390307,0.029411764705882353,0.007352941176470588,0.014705882352941176,0.0,0.014705882352941176,0.022058823529411766
12,23,Y,1.002666161384977,0.16784573687820495,0.48590633347283246,3.288,-0.395,-0.176,0.796,-2.492,-4.433,-4.038,-5.313,-5.137,98.45910920353421,98.38165445442071,0.0,0.03153153153153153,0.0,0.0,0.0045045045045045045,0.0
13,24,V,1.088439611705997,0.15739524130224508,0.24911727141820003,0.558,-0.641,-0.084,-3.919,-4.477,-4.589,-3.948,-5.232,-5.148,98.58310693432702,98.34920564131299,0.007042253521126761,0.014084507042253521,0.007042253521126761,0.014084507042253521,0.02112676056338028,0.007042253521126761
17,28,K,1.0385413578910272,0.4378578508804553,0.9755451829341563,6.821,0.079,0.374,6.917,0.096,0.221,0.142,-0.3,-0.674,93.7161586391271,93.55387878899501,1.0,0.9804878048780488,0.9512195121951219,0.9560975609756097,0.9365853658536586,0.975609756097561
18,29,S,1.0333006885884783,0.4043148162020368,2.071621786863221,0.468,-0.018,0.162,0.931,0.463,-1.962,-1.944,-2.523,-2.685,94.3396220709569,94.17406807799306,0.4153846153846154,0.43846153846153846,0.47692307692307695,0.46923076923076923,0.4307692307692308,0.4307692307692308
19,30,D,2.931594142280846,0.6050376375726306,3.147323390480389,9.54,-0.21,0.09,13.594,4.054,0.789,0.999,-0.777,-0.867,94.74743314324631,95.12068721729882,0.9938650306748467,1.0,1.0,1.0,1.0,0.8343558282208589
20,31,K,3.041479526144526,0.6516597189385387,3.443458029789515,22.038,0.109,0.616,26.921,4.883,-1.147,-1.256,-2.113,-2.729,94.70794788197803,94.97602115554251,0.775609756097561,0.6878048780487804,0.8097560975609757,0.8,0.8146341463414634,0.6634146341463415
21,32,P,1.5361862344651616,0.5799413898409639,2.951943345183585,5.335,0.217,0.002,3.442,-1.893,-2.22,-2.437,-4.3,-4.302,95.35221637844232,95.58917908395209,0.7132352941176471,0.7205882352941176,0.7058823529411765,0.7279411764705882,0.75,0.7426470588235294
22,33,L,0.7651688407146221,0.4145413240842391,1.7263001797288022,4.603,0.079,-0.445,2.366,-2.237,-2.444,-2.523,-4.532,-4.087,96.77573307149304,96.79485652221182,0.25609756097560976,0.2621951219512195,0.3231707317073171,0.31097560975609756,0.22560975609756098,0.2865853658536585
23,34,Y,0.8556854214359404,0.40186160892461953,1.0898992602338469,3.964,0.024,-0.425,4.846,0.882,-0.105,-0.129,-0.563,-0.138,96.25657352594702,96.43573514342891,0.8108108108108109,0.8558558558558559,0.7882882882882883,0.7927927927927928,0.7252252252252253,0.7612612612612613
24,35,G,2.1515248678835435,0.38180201808333947,0.3845704694762978,0.794,-0.055,0.135,-0.171,-0.965,-2.689,-2.634,-1.673,-1.808,96.28923661389375,96.53107739347364,0.30952380952380953,0.5119047619047619,0.4880952380952381,0.42857142857142855,0.5833333333333334,0.5
25,36,N,1.0823265136192552,0.4110492203728126,0.3833276475499607,7.14,-0.576,-0.735,5.949,-1.191,-3.669,-3.093,-3.917,-3.182,97.73583831182565,97.86236082921071,0.35668789808917195,0.28662420382165604,0.2802547770700637,0.29936305732484075,0.2929936305732484,0.31210191082802546
26,37,D,1.3983227792396347,0.41265550821998803,0.4783956699226647,1.883,-0.007,0.6,3.718,1.835,-0.746,-0.739,-1.646,-2.246,97.26120160213337,97.24552374497084,0.49693251533742333,0.5644171779141104,0.7116564417177914,0.6257668711656442,0.5950920245398773,0.6748466257668712
27,38,R,1.3362358383634725,0.2882103411254583,0.6622342958478581,4.872,0.006,0.051,2.149,-2.723,-4.047,-4.053,-4.881,-4.932,97.98784475407084,97.97855334541656,0.29435483870967744,0.2540322580645161,0.3911290322580645,0.3790322580645161,0.5,0.43951612903225806
28,39,F,0.7726375899026616,0.2665403702423215,0.45155537783016486,-1.116,-0.891,0.231,-5.686,-4.57,-5.313,-4.422,-6.051,-6.282,98.48371183294444,98.3712501830152,0.0,0.030456852791878174,0.050761421319796954,0.02030456852791878,0.08121827411167512,0.06091370558375635
29,40,E,0.6932606129445842,0.27018001938229347,0.2630093162069926,1.936,0.658,0.335,-0.879,-2.815,-4.678,-5.336,-4.813,-5.148,98.50773034683449,98.31519185802887,0.31443298969072164,0.3556701030927835,0.29381443298969073,0.27835051546391754,0.28350515463917525,0.26288659793814434
30,41,G,0.6144516771866073,0.26732979966082265,0.3241210361868659,0.41,0.464,0.288,-3.956,-4.366,-4.23,-4.694,-4.723,-5.011,98.362870774573,98.15214014258008,0.0,0.0,0.0,0.0,0.0,0.0
31,42,Y,0.35790137817964707,0.21860222710106167,0.48027250399533816,1.409,0.031,0.229,-5.214,-6.623,-5.228,-5.259,-6.619,-6.848,98.66301389777526,98.63854257248626,0.013513513513513514,0.0045045045045045045,0.009009009009009009,0.009009009009009009,0.009009009009009009,0.009009009009009009
32,43,C,0.7120673279544378,0.1606103918584042,0.4740132742770885,1.058,-0.109,-0.235,-1.843,-2.901,-3.44,-3.331,-3.638,-3.403,98.7718343966413,98.77885962896622,0.0,0.014814814814814815,0.007407407407407408,0.014814814814814815,0.007407407407407408,0.022222222222222223
34,45,D,0.6414099605339718,0.40246994618905296,0.365611552595426,-0.691,-1.355,-0.177,-5.891,-5.2,-7.726,-6.371,-7.391,-7.214,98.69227299452923,98.70527958093739,0.09202453987730061,0.15337423312883436,0.07975460122699386,0.2147239263803681,0.12883435582822086,0.11042944785276074
35,46,L,0.5052379307760989,0.2985250681439366,0.43017495474746287,-4.196,0.168,0.215,-5.989,-1.793,-6.707,-6.875,-6.241,-6.456,98.77838679558614,98.86156807290898,0.0,0.0,0.0,0.0,0.0,0.0
36,47,L,0.8437455426053887,0.3212071904111211,0.4020897711857226,17.11,-0.037,-0.002,11.625,-5.485,-6.019,-5.982,-6.501,-6.499,98.68047659295569,98.80907276804014,0.018292682926829267,0.018292682926829267,0.012195121951219513,0.018292682926829267,0.018292682926829267,0.024390243902439025
38,49,E,1.0481462623006408,0.3948096737156278,0.3253209330360192,10.082,-0.208,0.011,7.055,-3.027,-4.676,-4.468,-5.091,-5.102,98.24846265681482,98.76999407912224,0.23195876288659795,0.26288659793814434,0.27835051546391754,0.2422680412371134,0.2422680412371134,0.26288659793814434
39,50,L,0.742596689892765,0.33651791640481693,0.5798558418968061,0.261,0.174,0.329,-6.964,-7.225,-7.582,-7.756,-7.383,-7.712,97.62768588672819,98.78659341379178,0.006097560975609756,0.0,0.0,0.0,0.0,0.012195121951219513
40,51,S,1.0011179560925587,0.4009352884253879,0.7247053489990143,7.269,0.904,0.978,4.224,-3.045,-1.956,-2.86,-3.179,-4.157,96.85502501929992,98.65221206209593,0.14615384615384616,0.06923076923076923,0.11538461538461539,0.09230769230769231,0.16153846153846155,0.038461538461538464
42,53,I,1.0873570760509286,0.355146092607713,0.36214367724001983,11.851,-1.423,-1.155,9.75,-2.101,-3.947,-2.524,-4.79,-3.635,95.56537712155853,98.52705334918225,0.13609467455621302,0.33727810650887574,0.10650887573964497,0.34911242603550297,0.14201183431952663,0.27218934911242604
43,54,L,1.2923365365784205,0.21327513024977718,0.729065312844263,-3.357,-3.021,-4.252,-4.912,-1.555,-6.628,-3.607,-7.633,-3.381,95.76802464687051,98.45485328761802,0.0,0.25609756097560976,0.0,0.31097560975609756,0.006097560975609756,0.3353658536585366
44,55,G,1.713762590088434,0.3517700350509904,0.9473952241499577,-1.63,-1.667,-1.534,-0.608,1.022,-2.224,-0.557,-2.685,-1.151,95.18570063442392,98.26639842648834,0.21428571428571427,0.75,0.25,0.8571428571428571,0.36904761904761907,0.8214285714285714
45,56,F,1.9467791317486018,0.4271462748851253,0.5919232495283472,-2.005,-2.045,-1.678,-3.704,-1.699,-3.768,-1.723,-3.847,-2.169,96.43645449206998,98.55088690074531,0.030456852791878174,0.1116751269035533,0.04568527918781726,0.1218274111675127,0.01015228426395939,0.14213197969543148
47,58,Y,1.7355508971049234,0.5360732202558421,0.8840994573938239,1.646,0.331,-0.158,-1.152,-2.798,-3.95,-4.281,-4.266,-4.108,98.21327010108534,98.79712077586352,0.18468468468468469,0.1981981981981982,0.17567567567567569,0.21171171171171171,0.17567567567567569,0.18468468468468469
51,62,L,1.9490853386809466,0.22593591142300204,0.8477554352650727,9.065,-0.009,0.66,6.0,-3.065,-3.686,-3.677,-4.252,-4.912,98.61089627562589,98.4079495201242,0.32926829268292684,0.3170731707317073,0.3475609756097561,0.31097560975609756,0.35365853658536583,0.2865853658536585
52,63,V,2.2024967428177535,0.20384393139680207,0.8052497694949027,12.029,-0.969,0.105,11.26,-0.769,-1.553,-0.584,-2.055,-2.16,98.3581382236598,97.29280484047109,0.06338028169014084,0.056338028169014086,0.07042253521126761,0.06338028169014084,0.07042253521126761,0.04929577464788732
54,65,D,1.3121163060908159,0.35315367330813896,1.076966145372129,22.765,-0.463,-0.641,20.018,-2.747,-3.49,-3.027,-3.969,-3.328,96.5240293559871,93.65650592965233,0.4049079754601227,0.4601226993865031,0.4723926380368098,0.4723926380368098,0.4785276073619632,0.44171779141104295
55,66,G,1.6663335213594623,0.3596090397119342,0.9820777561617137,0.098,0.253,0.163,-1.564,-1.662,-2.381,-2.634,-2.398,-2.561,95.83916047861085,92.41051804047154,0.4880952380952381,0.44047619047619047,0.5714285714285714,0.5833333333333334,0.5595238095238095,0.6071428571428571
56,67,K,1.9322672370728122,0.25903699880679887,0.9964322645370005,8.749,-0.048,1.357,6.763,-1.986,-4.073,-4.025,-3.856,-5.213,96.10528604941484,92.17238373059857,0.551219512195122,0.5707317073170731,0.3121951219512195,0.35609756097560974,0.4585365853658537,0.33170731707317075
57,68,Y,1.822287576236323,0.3599944054130087,1.0417051993907351,3.687,-0.167,0.21,0.425,-3.262,-3.073,-2.906,-4.093,-4.303,96.32559491388257,92.0444102760592,0.25225225225225223,0.22972972972972974,0.12162162162162163,0.16216216216216217,0.22972972972972974,0.12162162162162163
58,69,G,2.1987501182735674,0.37518878939115125,1.065860898353451,3.358,-3.201,-1.653,1.615,-1.743,-2.491,0.71,-3.176,-1.523,95.98173327316543,87.33404699953608,0.07142857142857142,0.07142857142857142,0.0,0.011904761904761904,0.05952380952380952,0.0
59,70,A,2.888365396559782,0.9754789720629918,3.1255375246471306,1.641,-3.017,-0.137,1.99,0.349,-0.757,2.26,-0.559,-0.422,94.76356187809573,72.74321412809421,0.27358490566037735,0.5,0.05660377358490566,0.2358490566037736,0.19811320754716982,0.12264150943396226
60,77,Q,2.98811059725679,5.4076199235216125,8.038807809823862,1.965,-2.638,-1.906,9.956,7.991,-1.904,0.734,-3.111,-1.205,96.75057559458378,71.27210360948357,0.5151515151515151,0.8383838383838383,0.5505050505050505,0.6111111111111112,0.5353535353535354,0.48484848484848486
61,78,W,2.7747970050446393,1.0335267043855934,2.9436948197642185,5.152,-12.922,-6.354,0.016,-5.136,-6.519,6.403,-5.1,1.254,97.73920154605426,79.26751418061225,0.08370044052863436,0.32158590308370044,0.09691629955947137,0.5506607929515418,0.11013215859030837,0.5462555066079295
62,79,N,2.9571039915590815,0.547124355700395,1.6065321761633133,11.227,-2.232,-1.989,8.289,-2.938,-2.673,-0.441,-2.391,-0.402,97.1942614737513,91.21729846515841,0.3184713375796178,0.3630573248407643,0.2356687898089172,0.17834394904458598,0.39490445859872614,0.21656050955414013
63,80,G,2.5119240711100135,0.47965709216481095,0.8945855649424443,6.224,-0.36,-0.979,1.58,-4.644,-5.54,-5.18,-5.752,-4.773,97.7460547372691,94.59505719167383,0.0,0.011904761904761904,0.023809523809523808,0.03571428571428571,0.023809523809523808,0.011904761904761904
64,81,M,2.1864352632463353,0.3166390643983054,0.9241993646410851,11.429,0.068,-0.396,7.671,-3.758,-4.87,-4.938,-5.505,-5.109,98.446381498235,96.29982822682183,0.0,0.0,0.0,0.0,0.005319148936170213,0.005319148936170213
65,82,V,2.3368414266405098,0.30572500716083617,1.037239805057345,1.775,-0.468,-1.072,-3.384,-5.159,-5.55,-5.082,-6.578,-5.506,98.48749429687874,96.0318294650336,0.007042253521126761,0.0,0.0,0.0,0.0,0.0
67,84,E,2.549841877069002,0.4482025593012927,1.0200078419902165,8.831,-2.032,0.386,3.426,-5.405,-7.164,-5.132,-5.663,-6.049,98.7715838330884,97.89549242308549,0.15979381443298968,0.14432989690721648,0.10309278350515463,0.14432989690721648,0.061855670103092786,0.0979381443298969
68,85,L,2.3058157132161217,0.3815907368258467,0.8850845278909462,18.91,-0.208,0.106,11.556,-7.354,-7.277,-7.069,-6.607,-6.713,98.75989522080172,98.10161190241035,0.006097560975609756,0.0,0.0,0.0,0.012195121951219513,0.0
69,86,I,2.037724719174017,0.3997596508905966,1.2721032778330759,6.569,-0.434,-0.756,5.437,-1.132,-2.533,-2.099,-2.835,-2.079,98.47044869797439,97.1463939703507,0.35502958579881655,0.3609467455621302,0.3431952662721893,0.3668639053254438,0.33136094674556216,0.3727810650887574
70,87,D,2.4201903356559717,0.42239349950534405,1.310264792706714,4.673,0.262,-0.442,3.095,-1.578,-2.197,-2.459,-4.695,-4.253,98.40981223483503,97.6614485284784,0.4233128834355828,0.3803680981595092,0.4294478527607362,0.3619631901840491,0.3987730061349693,0.44785276073619634
71,88,H,2.4195829061120837,0.4626959334267324,1.1543555644362824,-1.448,0.556,0.776,4.256,5.704,0.824,0.268,-0.068,-0.844,98.17696075321602,97.96176427646782,0.7663043478260869,0.717391304347826,0.7663043478260869,0.7663043478260869,0.782608695652174,0.8043478260869565
73,90,A,2.3137804342852153,0.42601060037789923,1.3386482604085155,2.742,0.051,-0.218,0.311,-2.431,-2.387,-2.438,-2.2,-1.982,98.5893982314435,98.67778155539699,0.018867924528301886,0.009433962264150943,0.02830188679245283,0.02830188679245283,0.04716981132075472,0.018867924528301886
74,91,D,2.276199048232383,0.42320542910996556,0.8178185821770148,-0.276,-0.596,-0.438,-4.774,-4.498,-5.89,-5.294,-5.928,-5.49,98.55482108920629,98.84949905645799,0.25153374233128833,0.25766871165644173,0.294478527607362,0.3374233128834356,0.3006134969325153,0.38650306748466257
75,92,L,1.760311590985454,0.3528053126620457,0.6361230809289232,3.14,-0.015,0.455,1.137,-2.003,-4.951,-4.936,-5.382,-5.837,98.83903133759426,98.9246782555529,0.006097560975609756,0.0,0.0,0.0,0.0,0.012195121951219513
76,93,A,1.7277795427594178,0.2936333605616803,0.6502198524256371,-0.563,-0.076,0.096,-4.009,-3.446,-4.376,-4.3,-3.648,-3.744,98.89744531128842,98.79333248738324,0.0,0.0,0.0,0.0,0.009433962264150943,0.009433962264150943
77,94,V,1.4986475445818466,0.21949500820831033,0.38445647439035596,3.247,-0.021,-1.089,0.807,-2.44,-3.7,-3.679,-3.812,-2.723,98.8638724669994,98.86300841114632,0.007042253521126761,0.014084507042253521,0.014084507042253521,0.014084507042253521,0.02112676056338028,0.02112676056338028
78,95,A,1.494935067485693,0.19003351877213126,0.48987624283147674,-0.836,-0.558,-0.625,0.849,1.685,-0.137,0.421,-1.661,-1.036,98.71675230622067,98.4937896642103,0.0,0.0,0.0,0.0,0.0,0.009433962264150943
79,96,P,1.5331753476796333,0.1819058622951211,0.7533035731227932,0.571,-0.641,-0.386,-1.88,-2.451,-3.805,-3.164,-6.292,-5.906,98.21850444442542,97.94968450390674,0.058823529411764705,0.058823529411764705,0.022058823529411766,0.007352941176470588,0.022058823529411766,0.007352941176470588
80,97,L,1.6169310805738437,0.24577039168665465,0.9205532436878939,11.951,0.347,0.309,7.348,-4.603,-4.01,-4.357,-4.385,-4.694,98.40765636735527,97.3370088634861,0.012195121951219513,0.0,0.0,0.0,0.0,0.0
82,99,I,1.480106244719341,0.171777641556555,1.1686760570245849,1.811,0.243,-0.192,-1.93,-3.741,-3.084,-3.327,-3.755,-3.563,98.24981684959721,97.4383582213321,0.2485207100591716,0.26627218934911245,0.1834319526627219,0.25443786982248523,0.15976331360946747,0.13609467455621302
83,100,T,1.948530443874581,0.27961257302676934,1.5678627328764803,4.117,-0.186,0.046,2.726,-1.391,-1.069,-0.883,-2.131,-2.177,96.3050635965149,94.6372294607897,0.19718309859154928,0.31690140845070425,0.19014084507042253,0.24647887323943662,0.22535211267605634,0.08450704225352113
84,101,Y,2.1862887089741516,0.29109435047355303,1.238024987802215,2.116,-0.532,0.201,4.158,2.042,2.121,2.653,1.143,0.942,94.17038071105542,91.88724928421003,0.7117117117117117,0.7882882882882883,0.7522522522522522,0.7747747747747747,0.7567567567567568,0.5540540540540541
85,102,V,2.783661126871415,0.4156238776543439,1.7590708393173928,2.13,-2.259,1.531,4.514,2.384,1.223,3.482,-0.141,-1.672,95.64262534767074,92.01077601434993,0.20422535211267606,0.44366197183098594,0.24647887323943662,0.2323943661971831,0.2605633802816901,0.09154929577464789
86,103,R,2.481781019714922,0.402714177826319,1.2809705915787193,5.063,-2.903,-3.076,-0.162,-5.225,-7.134,-4.231,-7.686,-4.61,97.7046724523963,94.5277171268418,0.07258064516129033,0.14516129032258066,0.020161290322580645,0.024193548387096774,0.04838709677419355,0.008064516129032258
87,104,E,2.134599562505444,0.3604689429707649,1.1524422527483924,1.038,-2.28,0.102,3.99,2.952,-0.745,1.535,-2.084,-2.186,97.27949061321213,95.14180612875643,0.3556701030927835,0.3402061855670103,0.5051546391752577,0.35051546391752575,0.4896907216494845,0.4948453608247423
88,105,K,2.794479308296853,0.5854950244603041,1.3693654014549408,2.01,-0.772,-0.095,5.181,3.171,0.143,0.915,-1.956,-1.861,97.08909191533927,94.84364315835312,0.6195121951219512,0.624390243902439,0.6585365853658537,0.6146341463414634,0.6829268292682927,0.7804878048780488
89,106,V,2.745699319942108,0.7097678683894288,1.258316717969938,0.694,-1.992,-0.026,-1.8,-2.494,-2.757,-0.765,-2.365,-2.339,98.14170137281646,95.9316420037123,0.31690140845070425,0.29577464788732394,0.30985915492957744,0.2323943661971831,0.3028169014084507,0.28169014084507044
90,107,I,2.507564219826628,0.547962473486441,1.0093558853910243,40.42,-1.222,-0.499,38.102,-2.318,-4.474,-3.252,-5.273,-4.774,98.60180230144451,97.53220229170032,0.005917159763313609,0.0,0.0,0.0,0.0,0.0
91,108,D,1.7356845286290914,0.4823180109766041,1.05770485422367,8.854,0.321,1.046,6.207,-2.647,-3.124,-3.445,-3.758,-4.804,98.71606531781994,98.57672731635556,0.09815950920245399,0.06748466257668712,0.1656441717791411,0.17791411042944785,0.1165644171779141,0.2822085889570552
92,109,F,1.2472578931556941,0.23842141430516092,0.8457995348782611,2.491,0.652,0.437,-0.465,-2.956,-2.478,-3.13,-4.624,-5.061,98.74869832228691,98.66474535740085,0.025380710659898477,0.06091370558375635,0.07614213197969544,0.025380710659898477,0.1116751269035533,0.06598984771573604
93,110,S,1.0551815042850732,0.2171254001950603,0.8522959292802446,3.198,-0.017,0.585,-0.269,-3.467,-3.774,-3.757,-4.687,-5.272,98.63091378759573,98.81803712933261,0.038461538461538464,0.05384615384615385,0.03076923076923077,0.03076923076923077,0.03076923076923077,0.023076923076923078
94,111,K,0.8134009073340058,0.19997943531546902,0.9318619088256977,-8.056,-0.222,0.391,6.432,14.488,-0.87,-0.648,-0.991,-1.382,97.99803439105193,98.50538999548655,0.5853658536585366,0.5902439024390244,0.5609756097560976,0.5707317073170731,0.4975609756097561,0.4585365853658537
95,112,P,0.6177180141994261,0.24435449934591622,0.972227975009478,-4.06,0.025,-0.493,-2.533,1.527,-2.226,-2.251,-4.486,-3.993,98.31518204571572,98.64757560574628,0.375,0.33088235294117646,0.38235294117647056,0.35294117647058826,0.3014705882352941,0.38235294117647056
96,113,F,0.4564987600439037,0.24703172483255226,0.9507466884833864,2.098,0.102,-0.603,-1.972,-4.07,-3.655,-3.757,-3.675,-3.072,98.2695031414596,98.62175436325342,0.05583756345177665,0.04060913705583756,0.04568527918781726,0.03553299492385787,0.03553299492385787,0.06091370558375635
97,114,M,0.8040356026605459,0.2694226558111294,0.8168618928128337,2.287,-0.479,-1.132,4.324,2.037,-3.498,-3.019,-3.968,-2.836,97.00064009314109,98.16453782578809,0.0797872340425532,0.07446808510638298,0.0851063829787234,0.0851063829787234,0.05319148936170213,0.07446808510638298
98,115,T,1.0977911485305112,0.24652419086114685,0.9772148479847927,0.029,-0.067,-0.387,-0.034,-0.063,0.123,0.19,-0.778,-0.391,95.42125032949706,97.56389974422898,0.7746478873239436,0.6690140845070423,0.7746478873239436,0.7676056338028169,0.7605633802816901,0.7464788732394366
99,116,L,1.3429481257340197,0.21177120061911306,0.7581137276024833,3.054,-0.42,-0.167,3.427,0.373,-0.956,-0.536,-2.744,-2.577,96.15060238737007,98.02749718489373,0.06097560975609756,0.012195121951219513,0.03048780487804878,0.03048780487804878,0.024390243902439025,0.024390243902439025
100,117,G,1.8431547541230486,0.17940586161469665,1.4378501135933761,2.14,-0.197,-0.008,0.998,-1.142,-1.894,-1.697,-2.378,-2.37,94.55608959653544,97.75572589336478,0.0,0.0,0.0,0.0,0.0,0.0
101,118,I,1.4162422902857328,0.20682880537223716,1.1575412611910851,3.782,0.702,-1.043,-0.654,-4.436,-2.988,-3.69,-6.487,-5.444,94.86305493769211,98.38256546999884,0.0,0.0,0.0,0.0,0.0,0.0
102,119,S,1.0823462312785017,0.21386170153916473,1.07389277880144,2.419,0.534,-0.382,-0.395,-2.814,-4.272,-4.806,-5.364,-4.982,94.26857033034683,98.37087810971067,0.0,0.0,0.007692307692307693,0.0,0.0,0.007692307692307693
103,120,I,0.6914079390468048,0.18050987529732326,1.0877385122116672,6.799,0.932,1.314,2.314,-4.485,-3.715,-4.647,-3.607,-4.921,92.84752899475733,98.54664239408513,0.029585798816568046,0.005917159763313609,0.011834319526627219,0.01775147928994083,0.28994082840236685,0.029585798816568046
104,121,L,0.4913846518849399,0.23742208750945848,1.0670374015036854,4.285,0.337,0.246,-3.998,-8.283,-7.536,-7.873,-8.446,-8.692,91.07705456961592,98.6073296671141,0.0,0.0,0.0,0.0,0.0,0.0
105,122,Y,0.34786512837740485,0.3773149360988207,1.3074739468923362,5.685,-2.432,-0.362,4.425,-1.26,-5.063,-2.631,-4.24,-3.878,86.97371156707231,98.24697621418143,0.21171171171171171,0.03153153153153153,0.05855855855855856,0.07657657657657657,0.04954954954954955,0.05405405405405406
106,123,R,1.2219072606843304,1.3262912484420772,1.1577685853370756,2.657,4.819,1.39,2.063,-0.594,2.661,-2.158,-2.634,-4.024,80.74485929628507,97.51182816851032,0.4637096774193548,0.3467741935483871,0.36693548387096775,0.24193548387096775,0.23387096774193547,0.28225806451612906
107,124,K,1.5525563087774603,4.359891206689218,0.990286205867452,2.283,7.477,-0.475,2.366,0.083,5.016,-2.461,-3.366,-2.891,66.93818967760285,95.40995132394617,0.8634146341463415,0.5463414634146342,0.8878048780487805,0.6146341463414634,0.5121951219512195,0.6195121951219512
111,125,I,2.172562503822327,2.0256903976650356,7.598911907544077,19.292,12.135,2.873,17.211,-2.081,8.812,-3.323,-1.957,-4.83,67.72625600122637,94.59463249893973,0.650887573964497,0.11834319526627218,0.15384615384615385,0.11834319526627218,0.28994082840236685,0.07100591715976332
112,126,D,1.793204818101634,0.8371823790992552,11.65419342746786,11.992,-1.306,0.239,13.121,1.129,-0.561,0.745,-1.914,-2.153,73.08057796166938,95.8072973488814,0.6625766871165644,0.7177914110429447,0.8588957055214724,0.7239263803680982,0.7116564417177914,0.7177914110429447
113,127,S,1.492674722015667,0.7781568555983561,15.579074026334636,14.373,0.312,-0.194,13.352,-1.021,-2.875,-3.187,-3.457,-3.263,78.6028723453105,96.67749256546834,0.33076923076923076,0.2692307692307692,0.2692307692307692,0.26153846153846155,0.36923076923076925,0.2923076923076923
114,128,A,1.2229431133129725,0.642602129685568,17.55458723641832,0.814,1.099,2.927,-2.866,-3.68,-2.156,-3.255,-0.612,-3.539,77.44751197471577,97.02614602765404,0.10377358490566038,0.10377358490566038,0.14150943396226415,0.11320754716981132,0.7169811320754716,0.09433962264150944
115,129,D,2.0706193552341148,0.3798706661655863,17.605409024246924,16.386,0.476,1.199,17.674,1.288,-2.032,-2.508,-1.559,-2.758,79.13329826218613,97.07091195082673,0.3987730061349693,0.4662576687116564,0.4294478527607362,0.44171779141104295,0.7914110429447853,0.43558282208588955
116,130,D,1.6966050920795699,0.2870223508456791,11.969678859606987,5.721,2.121,-0.041,4.173,-1.548,-0.835,-2.956,-4.667,-4.626,83.56961070185933,97.08240634600219,0.4110429447852761,0.2085889570552147,0.39263803680981596,0.3128834355828221,0.4049079754601227,0.32515337423312884
117,131,L,1.6038222592066456,0.15290264873415332,10.718396610022111,6.106,0.383,4.551,0.705,-5.401,-4.493,-4.876,-1.602,-6.153,80.1346168283694,96.04616046148597,0.012195121951219513,0.0,0.0,0.012195121951219513,0.6463414634146342,0.006097560975609756
118,132,A,2.3206770380299475,0.14044026886732405,13.799890618963298,2.827,1.522,3.072,-0.079,-2.906,-2.01,-3.532,-1.242,-4.314,82.04418926481775,96.28933657518253,0.04716981132075472,0.11320754716981132,0.22641509433962265,0.04716981132075472,0.6698113207547169,0.04716981132075472
119,133,K,2.7306757151789873,0.17583284750779238,10.747885482768556,-0.417,-0.699,-0.452,1.781,2.198,0.031,0.73,-2.275,-1.823,87.33394840346772,95.91002369826491,0.8634146341463415,0.6390243902439025,0.7902439024390244,0.7365853658536585,0.48292682926829267,0.848780487804878
120,134,Q,2.5384414287475527,0.36802662368994243,6.362242055090159,2.24,-0.289,-0.47,2.673,0.433,-0.663,-0.374,-1.762,-1.292,89.25195875472308,94.27012325903557,0.19696969696969696,0.20202020202020202,0.23737373737373738,0.19696969696969696,0.2777777777777778,0.1919191919191919
121,135,T,2.200134679820989,0.3907445729576531,6.234636438667687,4.884,0.047,1.591,6.328,1.444,0.252,0.205,1.356,-0.235,86.88692374200626,93.4529977302637,0.823943661971831,0.7676056338028169,0.6690140845070423,0.7605633802816901,0.9366197183098591,0.7464788732394366
122,136,K,2.0547945195348425,0.42540030197143514,2.66524621422316,4.178,-0.232,-1.153,6.283,2.105,1.134,1.366,-1.208,-0.055,90.41467096972973,94.19654520062608,0.8780487804878049,0.848780487804878,0.824390243902439,0.9365853658536586,0.8829268292682927,0.9317073170731708
123,137,I,1.6626883198775706,0.1999861710800598,2.0786695768983776,24.188,0.3,2.36,19.551,-4.637,-4.258,-4.558,-3.235,-5.595,91.30911843120951,94.98195342752886,0.07100591715976332,0.09467455621301775,0.15384615384615385,0.11834319526627218,0.1242603550295858,0.10059171597633136
124,138,E,1.7263669203532814,0.07150907690062824,2.4827469566024623,3.977,0.175,0.81,0.944,-3.033,-4.844,-5.019,-4.755,-5.565,95.15137577265871,96.43712067854202,0.32989690721649484,0.27835051546391754,0.26288659793814434,0.3865979381443299,0.3865979381443299,0.3917525773195876
125,139,Y,1.5146704218003868,0.13332342371982778,1.706251875320652,0.005,-0.514,1.732,-5.801,-5.806,-5.526,-5.012,-4.399,-6.131,96.06029724524656,97.50592430533922,0.0045045045045045045,0.0045045045045045045,0.018018018018018018,0.013513513513513514,0.25225225225225223,0.0045045045045045045
126,140,G,1.8341878369897902,0.17993189106466892,1.6642362505599133,0.332,-0.634,-0.112,-3.529,-3.861,-3.674,-3.04,-4.095,-3.983,97.75579472663482,97.82058110825486,0.0,0.0,0.0,0.0,0.0,0.0
127,141,A,2.094278470311127,0.23855008706077271,1.2551352332667753,0.59,-0.312,0.341,-1.629,-2.219,-2.558,-2.246,-3.108,-3.449,97.97886808776519,96.86898560952592,0.0,0.0,0.0,0.0,0.0,0.0
128,142,V,3.0629469224528814,0.21726489364644638,1.9696292468241265,1.39,0.369,-0.172,-1.707,-3.097,-2.452,-2.821,-3.798,-3.626,97.22768125603474,93.58859212863467,0.2323943661971831,0.2746478873239437,0.11267605633802817,0.19014084507042253,0.18309859154929578,0.11971830985915492
130,144,D,4.3698424820282495,0.17832042101327847,3.3689280747831836,2.149,1.284,4.003,1.329,-0.82,-3.493,-4.777,-2.24,-6.243,92.19383576694115,86.62081581415376,0.37423312883435583,0.7791411042944786,0.15950920245398773,0.12883435582822086,0.50920245398773,0.04294478527607362
131,145,G,3.876391085944536,0.1749300982923896,2.7629334060363075,0.527,0.101,-0.653,-0.857,-1.384,-1.508,-1.609,-2.28,-1.627,93.39640051835498,88.31267062778755,0.21428571428571427,0.2857142857142857,0.07142857142857142,0.08333333333333333,0.19047619047619047,0.11904761904761904
133,147,T,2.7560659504525007,0.1615761432876577,1.2715211700356759,1.583,-0.147,-0.078,-0.141,-1.724,-2.187,-2.04,-2.468,-2.39,96.66788156456352,95.56406335599215,0.056338028169014086,0.1056338028169014,0.07746478873239436,0.07746478873239436,0.04929577464788732,0.04225352112676056
134,148,M,3.153891597213328,0.08953204718717915,0.8846493484049638,0.511,0.052,-0.546,1.76,1.249,-1.203,-1.255,-2.105,-1.559,96.198272970917,94.10654583030467,0.005319148936170213,0.06914893617021277,0.02127659574468085,0.05851063829787234,0.010638297872340425,0.0425531914893617
135,149,T,3.695283332996711,0.21031564222490892,1.2129779996926948,1.364,-0.266,0.417,0.842,-0.522,-1.583,-1.317,-2.043,-2.46,95.48738706491253,92.97269550917513,0.19014084507042253,0.45774647887323944,0.16901408450704225,0.15492957746478872,0.2605633802816901,0.07746478873239436
136,150,F,2.734246403308395,0.20523129929590384,1.4986058487551996,0.648,-0.266,0.275,-2.839,-3.487,-4.008,-3.742,-3.862,-4.137,96.72195913020416,95.43528079361141,0.22842639593908629,0.23857868020304568,0.24873096446700507,0.26903553299492383,0.26903553299492383,0.19796954314720813
137,151,F,2.49847699599331,0.17345245245319665,1.6356602803704277,2.402,-0.643,-0.128,-1.682,-4.084,-5.1,-4.457,-5.219,-5.091,96.74458084920663,96.11748021906894,0.0,0.005076142131979695,0.0,0.005076142131979695,0.0,0.005076142131979695
138,152,K,3.6153762393878806,0.2790667309422535,1.453346030088226,16.988,-3.116,-3.832,15.362,-1.626,-5.792,-2.676,-6.068,-2.236,95.75957950302721,94.1892862683041,0.3951219512195122,0.5170731707317073,0.2,0.5609756097560976,0.23414634146341465,0.5073170731707317
139,153,K,3.568923555023909,0.34780912805456493,1.8015110322262122,2.459,-3.525,-0.314,3.159,0.7,-1.67,1.855,-1.989,-1.675,93.86284816254998,93.86045594841022,0.5317073170731708,0.6731707317073171,0.5609756097560976,0.624390243902439,0.6097560975609756,0.5463414634146342
140,154,S,2.58919268463558,0.388949428794364,2.5041218154492344,2.66,-0.076,0.279,2.744,0.084,-0.148,-0.072,-1.784,-2.063,94.82042760603484,96.18126338004865,0.12307692307692308,0.13076923076923078,0.11538461538461539,0.11538461538461539,0.17692307692307693,0.16923076923076924
141,155,K,2.8265954722862268,0.20196491679225193,3.565883885423886,9.32,-0.095,-0.215,11.23,1.91,0.89,0.985,-0.172,0.043,94.67402949390859,96.71140309699773,0.9804878048780488,0.8878048780487805,0.8634146341463415,0.8292682926829268,1.0,0.8926829268292683
142,156,I,2.069524351213093,0.35131870248209424,3.357813195232324,10.109,0.561,-0.88,10.367,0.258,-1.655,-2.216,-3.341,-2.461,94.6786119206954,97.45558525562147,0.5857988165680473,0.5325443786982249,0.5562130177514792,0.5325443786982249,0.5088757396449705,0.5029585798816568
143,157,S,2.936240654201493,0.3829494287029304,3.7003111049503206,-1.808,-0.582,-0.101,1.367,3.175,-0.163,0.419,-0.984,-0.883,94.61156350961117,97.34333009430976,0.7538461538461538,0.5923076923076923,0.6230769230769231,0.7076923076923077,0.676923076923077,0.7461538461538462
144,158,T,2.25964610764696,0.4080445120565786,3.333120533565703,6.666,0.391,2.618,5.651,-1.015,-3.52,-3.911,-1.496,-4.114,94.05708568696059,97.36070931389986,0.2112676056338028,0.19014084507042253,0.19014084507042253,0.18309859154929578,0.6408450704225352,0.23943661971830985
145,159,Y,1.961444787174713,0.36167467049938323,2.85324626156591,1.718,0.059,0.282,-0.725,-2.443,-1.738,-1.797,-3.36,-3.642,95.53429180987779,97.54819965127288,0.20270270270270271,0.16666666666666666,0.1891891891891892,0.17117117117117117,0.19369369369369369,0.14414414414414414
147,161,K,3.189382904067093,0.45621111304997974,2.777167428349475,0.137,0.553,0.492,2.093,1.956,-1.973,-2.526,-2.315,-2.807,95.0412767329027,96.02621617893153,0.5609756097560976,0.551219512195122,0.6682926829268293,0.5609756097560976,0.7317073170731707,0.5463414634146342
148,162,M,2.483909709448982,0.2849149585438559,2.6937195122229296,4.263,0.476,2.489,-2.004,-6.267,-6.115,-6.591,-4.225,-6.714,96.67003576283584,97.55404576980439,0.0,0.0,0.0,0.0,0.15425531914893617,0.0
149,163,W,3.064527429856706,0.32644939175348103,2.3352707739362746,4.617,0.019,0.852,2.385,-2.232,-2.925,-2.944,-2.561,-3.413,97.39867930522308,97.04892455919267,0.14977973568281938,0.21145374449339208,0.16299559471365638,0.24669603524229075,0.15418502202643172,0.2422907488986784
150,164,A,3.939351757106766,0.5188831002155687,2.674234282871563,0.385,-0.816,-1.4,-1.411,-1.796,-1.572,-0.756,-2.603,-1.203,96.79693579067907,95.41233364277254,0.5188679245283019,0.5566037735849056,0.5471698113207547,0.5849056603773585,0.42452830188679247,0.5849056603773585
151,165,F,3.5063043827561473,0.502928068892216,2.6455578337028043,-0.676,-1.348,-1.039,-2.64,-1.964,-3.774,-2.426,-4.446,-3.407,97.33225030919857,95.53602113863195,0.1065989847715736,0.18781725888324874,0.10152284263959391,0.26903553299492383,0.20304568527918782,0.25888324873096447
152,166,M,3.153710343544984,0.6010483325817098,2.5292470978119286,-0.695,-0.568,1.314,0.983,1.678,-3.985,-3.417,-4.461,-5.775,97.6043466800384,95.14528580952873,0.0,0.02127659574468085,0.0,0.005319148936170213,0.0,0.005319148936170213
153,167,S,4.188975244154113,0.8890109732684431,3.046831612669423,-0.952,2.018,0.758,-0.931,0.021,-0.681,-2.699,-2.079,-2.837,96.37490092288321,89.50471849593711,0.36923076923076925,0.5846153846153846,0.45384615384615384,0.5384615384615384,0.43846153846153846,0.5769230769230769
154,168,S,4.785684234176831,2.3521284019006643,5.017636082913919,-7.678,-3.044,-1.925,-0.236,7.442,-1.673,1.371,-0.947,0.978,96.87170815995204,79.80817891112429,0.6615384615384615,0.9384615384615385,0.6923076923076923,0.7,0.7692307692307693,0.6923076923076923
155,172,S,2.9642789895523216,3.102721940160965,1.1521962094194027,0.548,-2.432,-2.718,11.233,10.685,0.314,2.746,-2.407,0.311,95.2141461787013,76.67372594718505,0.46923076923076923,0.8538461538461538,0.4153846153846154,0.6307692307692307,0.46153846153846156,0.6230769230769231
157,174,L,3.003354922982012,0.41511170383126444,1.1207933118127442,3.829,-0.218,-1.626,0.394,-3.435,-3.098,-2.88,-4.596,-2.97,97.6214396426159,95.2353075076549,0.09146341463414634,0.11585365853658537,0.09146341463414634,0.14634146341463414,0.08536585365853659,0.10975609756097561
158,175,V,3.0689266696350304,0.4533703011367167,1.0695206659782883,1.852,-0.886,-1.053,-2.427,-4.279,-4.984,-4.098,-5.633,-4.58,97.07923554791329,94.90277141880158,0.07042253521126761,0.007042253521126761,0.014084507042253521,0.0,0.007042253521126761,0.007042253521126761
159,176,K,4.13809918973947,0.6409660194810797,1.1395285943318711,5.464,-1.309,-1.206,5.061,-0.403,-1.453,-0.144,-3.037,-1.831,94.0494673537541,91.60393756681802,0.7609756097560976,0.7853658536585366,0.8292682926829268,0.8097560975609757,0.6390243902439025,0.7853658536585366
160,178,N,6.3775821470870016,4.248939194441181,3.497518560377565,5.261,1.458,-0.582,2.579,-2.682,-1.488,-2.946,-3.726,-3.144,96.43776244240043,91.22340555046613,0.17834394904458598,0.3821656050955414,0.08917197452229299,0.47770700636942676,0.1592356687898089,0.4713375796178344
163,180,E,2.5095137785690187,0.45552898606220205,1.000004049158422,12.536,-0.273,0.109,9.352,-3.184,-4.897,-4.624,-5.333,-5.442,96.20088281885188,95.9800601698832,0.4175257731958763,0.4484536082474227,0.42783505154639173,0.36597938144329895,0.42783505154639173,0.4072164948453608
164,181,G,2.0578820200869865,0.3585090451478279,0.9747644980046493,-0.474,-0.259,-0.321,-2.354,-1.88,-3.094,-2.835,-2.918,-2.597,97.06285497078167,97.40514872021602,0.0,0.0,0.0,0.0,0.0,0.0
165,182,I,1.4793662277287905,0.33767128462832924,1.0463420673152461,2.785,0.427,-0.209,-0.547,-3.332,-3.806,-4.233,-5.208,-4.999,95.93135862329412,97.72682522203048,0.15384615384615385,0.14201183431952663,0.15384615384615385,0.11834319526627218,0.08284023668639054,0.14201183431952663
166,183,Q,1.5755262181898546,0.3039887108442636,1.3197177227289016,8.901,-0.27,-0.85,7.433,-1.468,-2.547,-2.277,-3.58,-2.73,95.62321885255372,97.61130910477338,0.5959595959595959,0.5454545454545454,0.5,0.5656565656565656,0.5303030303030303,0.6161616161616161
167,184,R,1.7786862794433684,0.356347538749653,1.281052187853231,-16.824,1.824,0.772,3.325,20.149,-1.274,-3.098,-3.292,-4.064,95.84780094420641,97.50104923379527,0.22580645161290322,0.20161290322580644,0.1774193548387097,0.2217741935483871,0.22983870967741934,0.23790322580645162
168,185,V,0.8436013111859736,0.33592926059821016,1.4987313460002674,3.591,1.374,0.322,-0.474,-4.065,-3.192,-4.566,-3.817,-4.139,95.36485581421013,97.8564446448798,0.007042253521126761,0.0,0.0,0.0,0.0,0.0
169,186,L,0.5585112592028897,0.20138751911722583,1.71094599342588,2.954,-0.468,-1.05,0.905,-2.049,-2.754,-2.286,-3.158,-2.108,92.25187417470028,97.1328767652125,0.27439024390243905,0.27439024390243905,0.3048780487804878,0.31097560975609756,0.31097560975609756,0.3902439024390244
170,187,T,1.6999363554839904,0.08966988560285037,1.8982104791031844,2.525,0.887,-0.627,1.717,-0.808,-0.271,-1.158,-1.125,-0.498,93.2631947753842,96.6871502760887,0.704225352112676,0.7253521126760564,0.7676056338028169,0.7253521126760564,0.8098591549295775,0.795774647887324
172,189,D,1.7329318809474001,0.17784297580704547,1.9192458454726358,4.545,-0.44,-0.993,4.005,-0.54,-1.607,-1.167,-4.336,-3.343,91.63064418370297,95.30045388230552,0.5153374233128835,0.38650306748466257,0.3987730061349693,0.588957055214724,0.43558282208588955,0.5398773006134969
173,190,Y,1.2213223350074165,0.22299497232674115,1.6719261451081215,-0.458,1.021,-0.528,-4.588,-4.13,-4.134,-5.155,-6.278,-5.75,94.89069711695485,97.39820148699772,0.0045045045045045045,0.0,0.0,0.0,0.0045045045045045045,0.0
174,191,A,0.6509128629001389,0.3286579375691286,1.5316969234564701,0.896,0.432,2.198,-3.011,-3.907,-4.045,-4.477,-2.683,-4.881,95.75438449927837,98.10575024727932,0.009433962264150943,0.0,0.0,0.0,0.12264150943396226,0.009433962264150943
175,193,L,4.186059663523563,3.705641966446982,4.582260718508678,5.116,1.987,1.061,-2.319,-7.435,-4.499,-6.486,-6.057,-7.118,97.28725071001185,98.39270066255814,0.0,0.0,0.012195121951219513,0.0,0.018292682926829267,0.0
177,194,M,2.059169211725187,0.27604172550714656,1.2340051093679985,0.071,-2.186,-0.315,-1.56,-1.631,-1.208,0.978,-4.125,-3.81,95.95081034605133,96.98503708437543,0.015957446808510637,0.06914893617021277,0.005319148936170213,0.05851063829787234,0.0,0.03723404255319149
178,195,E,2.0886753997551555,0.2115008139311408,1.2669934791224169,-5.466,0.977,1.453,0.68,6.146,-3.086,-4.063,-4.526,-5.979,96.35206813876303,97.63891817755494,0.14432989690721648,0.2268041237113402,0.10824742268041238,0.10824742268041238,0.10309278350515463,0.0979381443298969
179,196,S,2.1083375797955943,0.1435212858140208,1.2736111897870523,3.2,0.144,-0.354,2.345,-0.855,-3.543,-3.687,-4.549,-4.195,96.36075966242124,97.98579017170675,0.06153846153846154,0.023076923076923078,0.11538461538461539,0.11538461538461539,0.13076923076923078,0.16153846153846155
180,198,T,2.672225071836501,3.8037458643898514,4.5219191017783995,4.395,0.453,-1.017,4.523,0.128,0.914,0.461,-1.814,-0.797,95.62851559077265,97.36042376430525,0.04929577464788732,0.007042253521126761,0.02112676056338028,0.014084507042253521,0.04225352112676056,0.014084507042253521
182,199,I,1.4291396046302052,0.21518728871999093,0.4269754240359752,2.416,-0.415,0.628,-2.658,-5.074,-6.806,-6.391,-6.312,-6.94,94.99909033869098,97.63918773736391,0.005917159763313609,0.0,0.0,0.0,0.0,0.0
183,200,E,1.5654654274948925,0.21862481873856643,0.7574362352310986,-0.812,0.029,-0.313,-1.683,-0.871,-3.468,-3.497,-4.127,-3.814,94.16434369726646,96.82587623942467,0.4175257731958763,0.31958762886597936,0.3917525773195876,0.3711340206185567,0.36597938144329895,0.24742268041237114
185,202,V,1.4215377426441993,0.241974225781864,0.10823323889001678,2.394,-0.197,1.212,-1.32,-3.714,-5.061,-4.864,-4.583,-5.795,93.81977819928524,96.46293317210488,0.15492957746478872,0.18309859154929578,0.1056338028169014,0.1267605633802817,0.14084507042253522,0.11267605633802817
186,203,T,1.1026405287218943,0.2607980264932068,0.29053148170265697,8.993,1.392,0.751,7.017,-1.976,-0.135,-1.527,-2.08,-2.831,92.05228890552742,95.51159690130378,0.28169014084507044,0.20422535211267606,0.1619718309859155,0.23943661971830985,0.2605633802816901,0.2535211267605634
187,204,Q,1.7330738566310675,0.25428538211392704,0.13789831666175956,3.265,-0.627,-5.46,1.955,-1.31,-0.119,0.508,-5.962,-0.502,90.25855600770589,93.9933299498464,0.18181818181818182,0.42424242424242425,0.3181818181818182,0.6111111111111112,0.17676767676767677,0.48484848484848486
188,205,R,0.977108110285244,0.20741128361056738,0.39496163508998144,10.281,-0.465,-0.553,9.607,-0.674,-1.016,-0.551,-2.305,-1.752,91.6833101392117,94.73381349809343,0.5524193548387096,0.4314516129032258,0.4435483870967742,0.4274193548387097,0.4153225806451613,0.4596774193548387
189,206,N,0.7465689783131753,0.27248193971200724,0.5522135555921314,7.164,0.093,0.077,6.732,-0.432,-2.685,-2.778,-3.178,-3.255,90.48470625911376,95.11155886396593,0.36942675159235666,0.267515923566879,0.27388535031847133,0.2802547770700637,0.3375796178343949,0.27388535031847133
190,207,C,0.906771745828488,0.46526846232769775,1.308583236284195,8.826,0.498,0.544,13.389,4.563,3.906,3.408,2.906,2.362,88.88276805270043,94.71695631779943,0.5703703703703704,0.4962962962962963,0.5481481481481482,0.7111111111111111,0.4444444444444444,0.674074074074074
191,208,N,0.6156395147570214,0.18364003931062248,1.2770272624427166,4.631,2.421,-0.014,2.22,-2.411,-0.793,-3.214,-4.283,-4.269,87.64137838714912,96.12009024413987,0.5031847133757962,0.6050955414012739,0.7643312101910829,0.7006369426751592,0.6815286624203821,0.6242038216560509
192,209,L,0.3904083233504567,0.13196627258491564,0.9922253509666147,6.338,0.616,0.503,-0.089,-6.427,-6.528,-7.144,-6.528,-7.031,91.25897044026205,97.46874270218724,0.042682926829268296,0.006097560975609756,0.04878048780487805,0.006097560975609756,0.06097560975609756,0.012195121951219513
193,210,T,0.7723792398334911,0.2074483647336265,0.8954463420752068,0.758,1.269,-1.285,-1.32,-2.078,-1.664,-2.933,-4.123,-2.838,91.39521582094751,97.66113223804508,0.36619718309859156,0.3028169014084507,0.4295774647887324,0.2887323943661972,0.323943661971831,0.323943661971831
194,211,Q,0.9942650020298157,0.2668423718886131,0.7727550469747659,4.977,0.251,-0.395,3.638,-1.339,-2.382,-2.633,-3.195,-2.8,92.33987426732021,98.09729910057888,0.3484848484848485,0.2777777777777778,0.35353535353535354,0.35353535353535354,0.3838383838383838,0.3333333333333333
195,212,I,0.8887872864627073,0.3373394094968132,1.0349684372690324,13.487,1.886,2.02,11.933,-1.554,-1.751,-3.637,-1.513,-3.533,89.43299244062722,97.82274370359876,0.10650887573964497,0.05917159763313609,0.0650887573964497,0.07100591715976332,0.33727810650887574,0.05325443786982249
196,213,G,1.0369947896939888,0.28653111324460917,1.1439527959656752,1.013,0.653,1.533,-0.961,-1.974,-1.749,-2.402,-0.755,-2.288,87.487628446323,95.97106363003222,0.4166666666666667,0.38095238095238093,0.5357142857142857,0.39285714285714285,0.7976190476190477,0.5833333333333334
197,214,G,1.3617992633934084,0.23586870406842433,1.12420883259306,-0.144,0.264,0.37,0.417,0.561,0.798,0.534,-0.363,-0.733,90.41533819737127,95.97901473153898,0.5952380952380952,0.5952380952380952,0.6190476190476191,0.6071428571428571,0.6309523809523809,0.6190476190476191
198,215,L,1.3978921058354394,0.19981871439189575,1.074014289955001,6.986,0.131,-0.42,5.75,-1.236,0.061,-0.07,-1.431,-1.011,92.72574996007232,97.70517567754653,0.5792682926829268,0.5365853658536586,0.5792682926829268,0.5853658536585366,0.5853658536585366,0.6219512195121951
199,216,I,1.0264135524894686,0.18187784152989522,0.9291087023055835,0.535,0.197,-1.859,-2.081,-2.616,-2.19,-2.387,-4.792,-2.933,92.37764632784182,97.32701635144291,0.1242603550295858,0.1242603550295858,0.15384615384615385,0.16568047337278108,0.17751479289940827,0.21893491124260356
200,217,D,1.7791398437773858,0.13958667107583766,1.1766284388261767,4.113,-2.163,1.734,2.076,-2.037,-2.223,-0.06,-1.975,-3.709,93.33174409531738,96.6622486422476,0.2085889570552147,0.22085889570552147,0.19631901840490798,0.2085889570552147,0.18404907975460122,0.15950920245398773
201,218,S,1.8465479647981997,0.14370411656783133,1.2387599157529599,3.108,0.388,-0.642,2.9,-0.208,0.457,0.069,-0.541,0.101,92.84644055491707,96.06438461518154,0.8,0.7461538461538462,0.8538461538461538,0.823076923076923,0.7846153846153846,0.8
202,219,K,1.5437134616198263,0.2856126076390108,1.1547273804357467,10.893,-3.64,-1.729,9.322,-1.571,0.621,4.261,-3.171,-1.442,92.8216998284305,95.41272059546098,0.12682926829268293,0.18048780487804877,0.12195121951219512,0.12195121951219512,0.15121951219512195,0.23414634146341465
203,220,G,1.0431487222836109,0.3292215924127449,1.2409424104054398,1.433,-0.651,2.125,-0.438,-1.871,-0.77,-0.119,-0.093,-2.218,96.82775196451847,97.68958311174623,0.047619047619047616,0.09523809523809523,0.07142857142857142,0.08333333333333333,0.09523809523809523,0.047619047619047616
204,221,Y,0.9374164114505703,0.2534295725180008,0.8433783078626809,2.404,-1.143,-0.422,-1.841,-4.245,-6.253,-5.11,-7.682,-7.26,98.52281265339482,98.5943758831504,0.0,0.013513513513513514,0.0,0.0045045045045045045,0.0045045045045045045,0.009009009009009009
205,222,G,0.852635439941814,0.18085166672295044,0.7413522235090175,2.205,-0.054,0.184,1.428,-0.777,-0.298,-0.244,-0.472,-0.656,98.58757086227848,98.65987838307618,0.0,0.0,0.0,0.0,0.0,0.0
206,223,V,0.9522453420690923,0.20497556492189653,0.6345581450871965,3.024,0.165,-0.289,-2.52,-5.544,-5.969,-6.134,-6.558,-6.269,98.82946434298117,98.8521222954706,0.0,0.007042253521126761,0.0,0.0,0.0,0.0
207,224,G,1.7625731775725204,0.3649978895812656,0.7960826619265815,1.811,0.02,0.334,-1.666,-3.477,-4.201,-4.221,-3.903,-4.237,98.81344675569555,98.65430228269061,0.0,0.0,0.0,0.0,0.0,0.0
208,225,T,2.192269070885281,0.3626383825411273,0.8919471599937397,21.869,-0.254,-0.131,19.876,-1.993,-3.158,-2.904,-4.456,-4.325,98.8373154185511,98.86666887496378,0.0,0.014084507042253521,0.0,0.007042253521126761,0.0,0.0
209,226,P,2.557081017279484,0.4260006633645542,1.0280000446889315,-1.326,-0.013,-0.169,-5.65,-4.324,-5.916,-5.903,-6.714,-6.545,98.73025707972485,98.58146267038863,0.0661764705882353,0.058823529411764705,0.051470588235294115,0.051470588235294115,0.08823529411764706,0.125
211,228,G,3.461115006632635,0.8834022416660819,1.112074529350587,0.277,0.092,0.079,-1.441,-1.718,-3.039,-3.131,-3.364,-3.443,97.84699002047846,98.22486043881098,0.6309523809523809,0.7976190476190477,0.75,0.75,0.7857142857142857,0.7619047619047619
212,229,S,2.9556821817639007,0.6001161295264202,1.0265131227420645,5.49,-0.111,0.177,5.209,-0.281,-1.262,-1.151,-2.668,-2.845,97.5228310221698,98.53866161558892,0.11538461538461539,0.15384615384615385,0.11538461538461539,0.13846153846153847,0.13846153846153847,0.17692307692307693
213,230,P,3.1576972449544947,0.6607181512991908,0.9689005583442741,3.816,-0.165,-0.109,2.496,-1.32,-0.515,-0.35,-2.437,-2.328,95.0267344689096,98.08021304926565,0.7279411764705882,0.7058823529411765,0.6470588235294118,0.6764705882352942,0.6470588235294118,0.6544117647058824
214,231,Y,1.8552370391509916,0.4182300190002821,0.8612248577275279,4.067,0.011,-1.218,0.642,-3.425,-3.715,-3.726,-4.883,-3.665,95.84954866725381,98.61443444973862,0.19369369369369369,0.2927927927927928,0.07207207207207207,0.33783783783783783,0.17117117117117117,0.30180180180180183
215,232,R,1.6189726784803806,0.24796631521881451,0.7920085886051409,7.163,-0.218,-2.314,8.139,0.976,-0.917,-0.699,-3.64,-1.326,97.86661203157043,98.74440748936054,0.29435483870967744,0.39919354838709675,0.31048387096774194,0.25806451612903225,0.3467741935483871,0.3911290322580645
216,233,D,1.5359069696920151,0.22386458102309298,1.042973126980735,2.704,-0.007,-0.865,3.364,0.66,-2.55,-2.543,-4.237,-3.372,96.8971139482317,98.66896599707233,0.6012269938650306,0.7055214723926381,0.5337423312883436,0.588957055214724,0.5276073619631901,0.5766871165644172
217,234,K,1.3164593312448534,0.248586046005855,0.8027150308567258,6.808,0.288,-1.901,4.348,-2.46,-2.475,-2.763,-5.33,-3.429,97.04636140677553,98.74140567308918,0.36585365853658536,0.5804878048780487,0.2731707317073171,0.551219512195122,0.17073170731707318,0.4878048780487805
218,235,I,0.9153224714356495,0.23125491808312368,0.8554368228287289,7.489,-0.333,0.112,2.008,-5.481,-6.811,-6.478,-5.955,-6.067,97.92335505799763,98.85368782290857,0.01775147928994083,0.011834319526627219,0.005917159763313609,0.0,0.011834319526627219,0.005917159763313609
219,236,T,0.7072924893287946,0.214392007545617,0.883768829622493,-3.273,-0.191,0.557,2.737,6.01,-3.916,-3.725,-3.87,-4.427,98.26731155055063,98.84601332946599,0.09154929577464789,0.09154929577464789,0.1056338028169014,0.1267605633802817,0.20422535211267606,0.13380281690140844
220,237,I,0.5963782785807862,0.20572360472075227,0.6565420699981376,0.398,-1.278,-1.14,0.708,0.31,-2.954,-1.676,-2.577,-1.437,97.66000640517755,98.70651232159547,0.44970414201183434,0.6272189349112426,0.44970414201183434,0.6804733727810651,0.42011834319526625,0.6272189349112426
221,238,A,0.8982896255940268,0.27755380324728696,0.5863711783609964,0.827,-0.437,0.115,-4.063,-4.89,-5.62,-5.183,-5.345,-5.46,97.70766688066703,98.80449236133173,0.0,0.0,0.0,0.009433962264150943,0.0,0.0
222,239,I,0.7143368397819747,0.29135352132023823,0.7683836622808281,1.835,-0.09,-0.427,-2.56,-4.395,-5.37,-5.28,-6.388,-5.961,98.41625224037152,98.84233022540523,0.011834319526627219,0.0,0.0,0.0,0.0,0.0
223,240,L,0.9033908583980457,0.30570403495084353,0.7388037403755422,3.777,-0.126,-0.358,0.774,-3.003,-2.326,-2.2,-2.317,-1.959,98.016208334215,98.71074511869311,0.5426829268292683,0.31097560975609756,0.4024390243902439,0.36585365853658536,0.38414634146341464,0.39634146341463417
224,241,Q,1.0253609290602783,0.34938311884745543,0.5005940646499436,2.561,0.031,-0.917,2.747,0.186,-3.132,-3.163,-4.611,-3.694,97.32766747107426,98.68583032778588,0.36363636363636365,0.3939393939393939,0.3434343434343434,0.3939393939393939,0.09595959595959595,0.3484848484848485
225,242,L,1.2195654938211467,0.3769058121396656,0.5179336543289547,5.029,0.021,0.339,-1.178,-6.207,-6.897,-6.918,-5.748,-6.087,98.15407305753793,98.72823381965831,0.0,0.0,0.0,0.0,0.0,0.0
226,243,Q,1.3803671538497013,0.38270632204363464,0.6422959841467365,3.931,-0.712,0.146,4.236,0.305,-0.881,-0.169,-2.068,-2.214,97.46908373846644,98.30430154335727,0.5353535353535354,0.4595959595959596,0.5858585858585859,0.5555555555555556,0.3838383838383838,0.41919191919191917
227,244,E,1.7339015026013331,0.46505989875408155,0.610298465890029,7.038,-0.226,-0.026,6.931,-0.107,-1.054,-0.828,-1.238,-1.212,96.47410789573314,98.13116960091315,0.8608247422680413,0.7783505154639175,0.9020618556701031,0.8762886597938144,0.8041237113402062,0.8556701030927835
228,245,E,1.4438097374451015,0.502251334740679,0.529478847799411,2.831,-0.05,-0.675,2.905,0.074,-3.254,-3.204,-4.711,-4.036,96.97963569515605,98.25610106783562,0.654639175257732,0.5463917525773195,0.4845360824742268,0.4948453608247423,0.3402061855670103,0.4381443298969072
229,246,G,1.4407181128880049,0.46987757835910066,0.5730949253256968,2.567,-0.083,-0.295,-1.212,-3.779,-3.993,-3.91,-5.084,-4.789,97.02864983290554,97.98675276565812,0.2976190476190476,0.34523809523809523,0.3333333333333333,0.32142857142857145,0.2619047619047619,0.3333333333333333
230,247,K,1.281006677597177,0.4258855509579384,0.5021464101503417,10.989,-1.603,-0.116,9.124,-1.865,-4.015,-2.412,-5.638,-5.522,98.0143156853248,98.39169637363625,0.4195121951219512,0.375609756097561,0.2975609756097561,0.2780487804878049,0.2975609756097561,0.3121951219512195
231,248,L,1.0799731784093731,0.3617794306917612,0.5667675835360645,4.29,-0.07,-0.938,0.782,-3.508,-3.47,-3.4,-5.295,-4.357,98.06461266673175,98.44906688997426,0.042682926829268296,0.06707317073170732,0.08536585365853659,0.07317073170731707,0.04878048780487805,0.08536585365853659
232,249,H,1.2731149509343163,0.4073714781515902,0.7245790908153619,-0.976,0.185,0.213,1.535,2.511,0.119,-0.066,-0.541,-0.754,95.95026870095931,97.26804333461492,0.6086956521739131,0.7989130434782609,0.625,0.6358695652173914,0.7554347826086957,0.6032608695652174
233,250,M,1.175730505374088,0.4285467375676772,0.6339856716706952,6.5,0.023,0.291,7.736,1.236,-0.232,-0.255,-0.295,-0.586,97.29515721161916,97.86746578917315,0.5053191489361702,0.75,0.574468085106383,0.574468085106383,0.5957446808510638,0.574468085106383
234,251,M,0.8688297532743932,0.3711268585323006,0.5306765965199042,-0.392,0.029,0.454,0.352,0.744,-3.337,-3.366,-3.339,-3.793,98.00503877478148,98.13393160542464,0.0425531914893617,0.06914893617021277,0.09042553191489362,0.0797872340425532,0.10106382978723404,0.09042553191489362
235,252,K,1.1326654366202142,0.3265870111668946,0.734381957573335,3.068,0.29,0.225,0.182,-2.886,-5.565,-5.855,-5.745,-5.97,96.94936782273076,97.61194931999113,0.22439024390243903,0.24390243902439024,0.2634146341463415,0.2731707317073171,0.23902439024390243,0.2634146341463415
236,253,E,1.515990250282047,0.36786263073396325,0.8716238095160994,1.111,-0.25,1.551,2.322,1.211,-0.99,-0.74,-3.41,-4.961,95.00011881982657,96.17677113997459,0.36082474226804123,0.5876288659793815,0.5463917525773195,0.42783505154639173,0.5257731958762887,0.3556701030927835
237,254,K,0.9517127062250429,0.365201138051082,0.7146723800684384,3.644,0.286,1.997,0.116,-3.528,-3.024,-3.31,-3.7,-5.697,96.4089049350934,96.53181736635726,0.5804878048780487,0.43902439024390244,0.6146341463414634,0.6195121951219512,0.6439024390243903,0.375609756097561
238,255,W,1.0411489361836044,0.30106113774888393,0.6669597495893197,3.03,0.479,1.003,-0.584,-3.614,-3.271,-3.75,-3.715,-4.718,96.81509669878639,97.01378540203895,0.2026431718061674,0.14537444933920704,0.15859030837004406,0.13656387665198239,0.17180616740088106,0.09251101321585903
239,256,W,1.4387267459820037,0.28759665420922864,0.85988896089713,1.861,-0.132,0.507,2.302,0.441,0.112,0.244,-0.926,-1.433,95.09362855040709,95.91460272939298,0.030837004405286344,0.048458149779735685,0.039647577092511016,0.039647577092511016,0.01762114537444934,0.013215859030837005
240,257,R,1.6509393272826167,0.40253354099727834,1.156159174131335,0.946,-3.065,-0.312,9.16,8.214,2.504,5.569,0.352,0.664,87.12389859167864,86.23554888538216,0.5282258064516129,0.5040322580645161,0.8145161290322581,0.7258064516129032,0.6290322580645161,0.6895161290322581
241,258,G,2.9716548948379726,0.29554953525189714,6.416524911597141,3.707,-1.736,-1.094,1.744,-1.963,3.147,4.883,-2.025,-0.931,75.76826045332152,67.19693326627247,0.5238095238095238,0.2857142857142857,0.23809523809523808,0.2857142857142857,0.20238095238095238,0.34523809523809523
242,259,N,0.3267191784711358,3.049908765322748,10.316904644018571,19.286,-3.376,-0.188,20.637,1.351,1.621,4.997,-0.136,0.052,69.89493663686333,54.803250568094874,0.8535031847133758,1.0,1.0,1.0,1.0,1.0
243,260,G,0.3932795215678377,4.571778702731014,16.713222016269093,4.372,-0.785,-0.896,5.632,1.26,0.376,1.161,-2.311,-1.415,68.42084339947438,37.15259216162667,0.3333333333333333,1.0,0.40476190476190477,1.0,0.5119047619047619,0.7023809523809523
