Residue,Residue_isoform,ResidueType,RMSD,ddG,dG_iso,dG_ref,plddt_iso,plddt_ref,rsa_iso,rsa_ref
1,1,M,72.25951643256214,0.381,2.814,2.433,39.129686605796444,33.77140754567517,1.0,1.0
2,2,E,69.41268924892518,-3.311,-3.244,0.067,29.4223909148277,29.077458376610593,0.5154639175257731,0.9484536082474226
3,3,P,62.454756163755334,-8.348,-3.164,5.184,42.343551874568206,43.691366224200465,0.5661764705882353,0.8897058823529411
4,4,P,59.8259497155146,-13.922,-3.32,10.602,36.710626845640945,46.79869898298056,0.6911764705882353,0.8676470588235294
5,5,G,55.47384535530892,-5.833,-1.75,4.083,32.00722889369354,34.458757709449856,0.5357142857142857,0.9047619047619048
6,6,R,52.58540977117797,-4.653,1.726,6.379,30.226732213675856,32.388102806842646,1.0,0.8911290322580645
7,7,R,52.512830137840425,-3.453,6.727,10.18,29.558512314157266,30.663871461001683,0.9354838709677419,0.8669354838709677
8,8,R,51.837928964969386,-4.822,7.385,12.207,32.05530923586048,29.305913169060656,0.9919354838709677,0.9354838709677419
9,9,G,48.15276573218279,-6.683,-2.511,4.172,26.552939035143936,26.02624824213126,0.3333333333333333,1.0
10,10,R,45.990869881952094,-3.843,-1.434,2.409,31.321504924111647,30.421939683961675,0.6008064516129032,0.842741935483871
11,11,A,45.47642243025382,-1.239,0.3,1.539,27.747241289544032,26.1675508440967,0.8679245283018868,0.9056603773584906
12,12,Q,42.94621492730707,-1.263,-0.496,0.767,30.063986603912785,28.99371242099733,0.6313131313131313,0.7525252525252525
13,13,P,38.48361537882221,-35.975,-2.857,33.118,29.209169185356583,40.10005068732425,0.7941176470588235,0.8088235294117647
14,14,P,38.67179801508276,-31.5,-3.704,27.796,33.30353373172692,39.97259539749939,0.8088235294117647,0.8235294117647058
15,15,L,40.10484317526077,-13.991,-0.424,13.567,31.6226599466463,27.64579563576262,0.8475609756097561,0.8780487804878049
16,16,L,37.221619261055125,-4.889,1.798,6.687,26.06510551669634,29.601246617181452,0.9390243902439024,1.0
17,17,L,37.292380452357044,1.486,2.374,0.888,32.089484927942976,28.99747022349765,0.7439024390243902,0.926829268292683
18,18,P,36.65411467772397,-0.797,-2.47,-1.673,42.253991156350814,32.62004686973523,0.9338235294117647,0.8235294117647058
19,19,L,41.0738486013722,-3.541,-0.279,3.262,33.564730489015346,29.745476741314626,0.8170731707317073,0.9817073170731707
20,20,S,43.334689229694014,-15.554,0.722,16.276,31.078640868363433,27.304853588240796,1.0,0.6615384615384615
21,21,L,42.45033461947724,-7.063,1.547,8.61,32.102659481926814,25.757875873794546,0.5548780487804879,0.9207317073170732
22,22,L,44.32820875732346,-2.116,2.993,5.109,33.06455746368737,27.753411120334924,0.9939024390243902,1.0
23,23,A,47.7647950888443,-2.088,1.922,4.01,33.50255845632637,27.25343074696139,0.9905660377358491,0.9622641509433962
24,24,L,47.04249857836395,-2.149,0.053,2.202,31.623749547346964,27.585505744471444,0.4817073170731707,1.0
25,25,L,46.694051727069215,-0.761,2.397,3.158,29.913216309592826,28.376521093276093,1.0,0.7987804878048781
26,26,A,49.74126925273361,-4.604,1.73,6.334,33.484851082437665,30.46187775298313,0.9811320754716981,0.9716981132075472
27,27,L,49.2659438001925,-10.633,1.825,12.458,31.45984257338568,28.967395521875,0.7195121951219512,0.823170731707317
28,28,L,45.50886389049737,-10.357,1.802,12.159,30.608423112600576,28.92255149636184,1.0,1.0
29,29,G,44.33016673222913,-8.76,1.231,9.991,31.027837729663588,27.750899302198377,1.0,0.9761904761904762
30,30,G,41.975014162569565,-4.117,0.258,4.375,23.87311285101168,26.989286600131884,0.8095238095238095,0.9761904761904762
31,31,G,42.81596934549493,-3.321,-0.804,2.517,25.74057341946172,27.245902849230337,0.7976190476190477,1.0
32,32,G,40.5980355487726,-3.256,-0.846,2.41,24.19942289076425,31.056548521388315,0.7023809523809523,1.0
33,33,G,41.49050278402492,-1.76,-0.422,1.338,27.029292897874253,26.702146035393522,0.7619047619047619,0.9166666666666666
34,34,G,38.24763211077022,-3.905,-0.283,3.622,26.675264223726113,32.29148399748373,1.0,1.0
35,35,G,38.65727915740213,-4.862,-1.547,3.315,34.02648162440163,27.665177805742125,0.5595238095238095,0.8690476190476191
36,36,A,32.93600998571182,-2.496,-1.044,1.452,39.31337369636458,36.412257232193944,0.3490566037735849,0.9716981132075472
37,37,A,30.8320573585319,-2.115,-0.984,1.131,46.34435182691959,45.05816570113529,0.27358490566037735,0.6886792452830188
38,38,A,30.70368567282007,-1.303,0.536,1.839,56.04524154141109,50.31832304582349,0.4339622641509434,0.8490566037735849
39,39,L,26.83992161379229,-2.111,-3.22,-1.109,62.30278971219557,64.5884841138668,0.24390243902439024,0.22560975609756098
40,40,P,27.10369463693574,-0.026,-6.525,-6.499,64.99153437287303,65.21200074929311,0.25735294117647056,0.3088235294117647
41,41,A,28.682546759709528,-0.191,1.266,1.457,68.91396372401869,64.6114359631465,0.9905660377358491,0.9811320754716981
42,42,G,25.981097505519024,-1.034,-2.157,-1.123,75.34093738379306,69.12860638671553,0.5952380952380952,0.6428571428571429
43,43,C,23.465446928904004,-0.968,-2.992,-2.024,82.22545586557679,79.84081676946516,0.13333333333333333,0.17037037037037037
44,44,K,23.58476519756377,-0.569,-2.551,-1.982,83.2924966436285,81.16982482500678,0.7170731707317073,0.6780487804878049
45,45,H,22.903145229799307,0.158,-0.076,-0.234,76.39612439023222,75.3803639697462,0.6358695652173914,0.5108695652173914
46,46,D,21.249339490674437,1.117,-3.027,-4.144,63.6207415650151,63.769815352257865,0.3128834355828221,0.25153374233128833
47,47,G,22.17485190150453,-2.079,0.356,2.435,45.90683658151101,50.85402329053249,0.6785714285714286,0.7023809523809523
48,48,R,23.531030401928035,-0.942,0.206,1.148,38.840150257587084,44.185874269271146,0.5645161290322581,0.7862903225806451
49,49,P,21.53085599640153,-2.04,-3.824,-1.784,35.3582202532707,40.103783321072115,0.8676470588235294,0.9264705882352942
50,50,R,20.219425848538016,-2.18,-0.596,1.584,31.49505743688496,33.98701762071868,0.5846774193548387,0.6814516129032258
51,51,G,19.977176098648762,-1.589,-0.237,1.352,33.46908388461451,36.120617922511876,0.7142857142857143,0.6904761904761905
52,52,A,16.94780339685966,-0.398,1.282,1.68,41.08858910319395,35.93776527338195,1.0,1.0
53,53,G,17.125709443775243,-5.01,-0.788,4.222,32.77872482797829,34.84020624315599,1.0,0.5595238095238095
54,54,R,18.074208257703948,-7.082,2.85,9.932,30.249594431021247,32.390403482597314,0.6532258064516129,1.0
55,55,A,13.736419137057078,-3.943,-0.238,3.705,36.058485403744264,34.10350762511371,0.7830188679245284,0.7452830188679245
56,56,A,11.548068423784972,-0.887,1.321,2.208,37.22400081495289,32.67881285096518,1.0,1.0
57,57,G,11.949909134701526,-1.806,0.527,2.333,34.66581919546297,35.882651443651405,0.6428571428571429,0.8809523809523809
58,58,A,13.548686212970301,-1.899,-0.588,1.311,39.329542937091894,41.27892741207324,0.6698113207547169,1.0
59,59,A,16.71800036236158,-0.576,1.058,1.634,47.01530332214315,44.10228515038033,1.0,0.9905660377358491
60,60,E,16.81396759337816,-1.981,-1.913,0.068,58.14587767318516,56.84474001883062,0.4896907216494845,0.4690721649484536
61,61,G,19.324331686518207,-0.589,-1.765,-1.176,78.5784249063854,72.32273071063537,0.20238095238095238,0.09523809523809523
62,62,K,17.685744896423454,-2.195,-3.761,-1.566,87.85803876386763,86.39362667568092,0.375609756097561,0.35121951219512193
63,63,V,19.12619149185735,0.905,-6.444,-7.349,89.81190439729663,86.83727249740876,0.007042253521126761,0.0
64,64,V,18.441901191314514,0.216,-3.468,-3.684,90.67866762363995,88.91000043888107,0.23943661971830985,0.2746478873239437
65,65,C,19.482064733733747,-1.499,-3.398,-1.899,91.25401129022448,88.98733798910192,0.0,0.0
66,66,S,17.64732372650468,-0.682,-1.464,-0.782,90.33640894562039,86.76823736670893,0.2846153846153846,0.25384615384615383
67,67,S,18.653159703247805,1.287,-0.226,-1.513,89.89775876797282,86.05932833219047,0.6692307692307692,0.6538461538461539
68,68,L,20.679038802157343,-0.514,-2.717,-2.203,89.27839556620711,83.90455588565419,0.32926829268292684,0.32926829268292684
69,69,E,18.735517388447214,-1.363,-1.567,-0.204,87.76008431323861,83.7924314964839,0.6907216494845361,0.7319587628865979
70,70,L,18.252281109390267,-0.837,-4.31,-3.473,88.50806614657539,83.49903946843186,0.17682926829268292,0.1951219512195122
71,71,A,16.97377350381902,-0.543,-0.302,0.241,89.34419061063362,84.09453971781839,0.5471698113207547,0.660377358490566
72,72,Q,17.325327321876397,-0.712,-0.732,-0.02,88.75642683379009,84.23159662596844,0.5353535353535354,0.6818181818181818
73,73,V,17.505466995522184,-0.208,-3.291,-3.083,87.758997299587,82.81381023793892,0.1056338028169014,0.1056338028169014
74,74,L,20.7523232709261,0.05,-3.055,-3.105,84.59312734365254,80.86597287393931,0.0975609756097561,0.09146341463414634
75,75,P,23.392194507888863,-0.224,-4.887,-4.663,79.92752642595222,76.09429250848005,0.5514705882352942,0.4852941176470588
76,76,P,23.30361190337735,-0.544,-3.297,-2.753,74.17638085438148,70.01735423331137,0.22058823529411764,0.27205882352941174
77,77,D,27.057860068347413,-0.335,-1.012,-0.677,75.79698539736818,72.12072818560499,0.9202453987730062,0.9263803680981595
78,78,T,26.252199707715523,-0.97,-4.142,-3.172,78.60596132709223,73.98487961050795,0.2746478873239437,0.28169014084507044
79,79,L,23.74310413891725,-0.599,-3.949,-3.35,79.82181626309874,74.3776707244733,0.018292682926829267,0.036585365853658534
80,80,P,24.91370096390079,-1.993,-6.885,-4.892,78.6115323603053,75.54895128848648,0.09558823529411764,0.25735294117647056
81,81,N,24.48566362005694,-0.542,-0.383,0.159,73.88900703877196,73.25914845365922,0.6560509554140127,0.732484076433121
82,82,R,22.548540248493712,0.428,1.038,0.61,82.37887879400749,80.18600833667891,0.5887096774193549,0.8145161290322581
83,83,T,19.747591100587783,-0.751,-4.707,-3.956,85.56953506432363,83.46808443896565,0.014084507042253521,0.0
84,84,V,16.017619236611846,-1.885,-4.626,-2.741,91.68028853374652,89.62799769984575,0.11267605633802817,0.16901408450704225
85,85,T,14.418230508813956,1.924,-3.619,-5.543,93.18609092338737,91.68303138332703,0.176056338028169,0.028169014084507043
86,86,L,15.539403299684865,0.192,-7.657,-7.849,93.88898751328584,91.71753971566449,0.0,0.0
87,87,I,14.328791501551185,0.087,-3.843,-3.93,94.0978996163277,92.40751405994013,0.1242603550295858,0.17159763313609466
88,88,L,14.667029987354365,-2.29,-6.972,-4.682,94.57156029112338,91.82671608795351,0.0,0.0
89,89,S,12.715836782442663,0.139,-3.936,-4.075,94.91243913059633,92.58423938155612,0.06923076923076923,0.06923076923076923
90,90,N,13.580852267014237,0.291,-4.067,-4.358,95.75226596999822,92.85569005958655,0.46496815286624205,0.46496815286624205
91,91,N,14.501755331234195,-1.516,-6.197,-4.681,95.22008366195978,92.04118848032226,0.08917197452229299,0.050955414012738856
92,92,K,13.681978703726898,-0.175,-2.733,-2.558,94.1093314141908,91.97912354557592,0.4975609756097561,0.375609756097561
93,93,I,12.949874319777567,-0.265,-6.335,-6.07,96.15303110785666,92.78123687066771,0.0,0.0
94,94,S,11.286734849901626,-0.781,-3.188,-2.407,93.16489050166983,90.36432944657746,0.4,0.36153846153846153
95,95,E,12.257045669019892,-0.359,-2.151,-1.792,92.6434298498172,89.92976386090163,0.3556701030927835,0.4175257731958763
96,96,L,13.77843033877109,-0.383,-6.907,-6.524,93.68585396043943,90.93037348790202,0.0,0.0
97,97,K,17.14451406751311,-0.827,-3.998,-3.171,91.84638326851785,88.40737115473803,0.4,0.5024390243902439
98,98,N,19.435274283788942,0.462,-0.966,-1.428,91.54990655784319,88.48690460351871,0.7133757961783439,0.6942675159235668
99,99,G,20.867011071216595,0.163,-3.125,-3.288,87.56756981569173,83.70576478261476,0.2619047619047619,0.2619047619047619
100,100,S,18.85621647541362,-0.059,-2.768,-2.709,89.60116558011735,86.15350761946432,0.15384615384615385,0.14615384615384616
101,101,F,18.726009964650174,-0.443,-7.288,-6.845,91.0734483202433,87.69524941002007,0.005076142131979695,0.005076142131979695
102,102,S,22.216388486284515,-0.812,-1.73,-0.918,86.27304073477603,83.6821775801901,0.38461538461538464,0.5076923076923077
103,103,G,24.10152674385621,-0.558,-2.184,-1.626,84.622940439212,77.48925704747988,0.4880952380952381,0.5119047619047619
104,104,L,20.758940516656676,-0.52,-4.543,-4.023,88.80368734371183,84.82571138226285,0.0,0.012195121951219513
105,105,S,20.44794704719545,-0.893,-3.043,-2.15,88.71767621043783,84.89758623562732,0.4307692307692308,0.43846153846153846
106,106,L,18.70091503879262,0.483,0.061,-0.422,90.96796417946209,86.52807398771117,0.524390243902439,0.5182926829268293
107,107,L,16.004681127916776,-1.088,-6.127,-5.039,93.20040932865686,90.24637924156383,0.0,0.0
108,108,E,12.603590644418789,-1.306,-7.573,-6.267,95.64044303998644,93.45539151043566,0.33505154639175255,0.34536082474226804
109,109,R,10.949678417521302,0.542,-2.884,-3.426,96.59375625700174,94.58528302180808,0.31048387096774194,0.4112903225806452
110,110,L,11.399543378548655,-0.076,-7.228,-7.152,96.6709241511809,94.63087901997913,0.0,0.018292682926829267
111,111,D,10.040241936003163,-2.83,-7.716,-4.886,96.75718369493734,94.3639369507241,0.018404907975460124,0.15950920245398773
112,112,L,9.802595952654398,-0.773,-6.377,-5.604,97.13159705526341,94.89612665934403,0.0,0.0
113,113,R,8.172052004693514,-2.175,-4.476,-2.301,97.24931811187058,94.97492704358955,0.3588709677419355,0.3467741935483871
114,114,N,9.38257269328606,-0.711,-4.287,-3.576,97.16310942470994,94.60342299496472,0.4267515923566879,0.3821656050955414
115,115,N,9.827426209542377,-0.593,-4.828,-4.235,96.83667216736774,93.83038983024652,0.07643312101910828,0.07643312101910828
116,116,L,8.788964268580317,-0.075,-0.25,-0.175,94.72860970886539,92.25700004941903,0.3719512195121951,0.2926829268292683
117,117,I,8.47361509861712,-0.788,-6.894,-6.106,95.30645363412813,92.36468853442643,0.0,0.0
118,118,S,7.538591089862694,-1.373,-2.879,-1.506,92.22960381374001,89.13523540338966,0.2,0.23846153846153847
119,119,S,10.596650029270785,-1.413,-2.431,-1.018,90.4776338391694,87.28151257434719,0.23076923076923078,0.38461538461538464
120,120,I,12.407162147907654,-1.134,-5.212,-4.078,93.62097646907456,91.0112618369063,0.023668639053254437,0.08284023668639054
121,121,D,15.894892133536281,-0.563,-4.711,-4.148,91.78675323699089,87.98997693023331,0.3128834355828221,0.3006134969325153
122,122,P,17.74256789704397,-0.929,-4.712,-3.783,91.80092050326458,86.63031948009447,0.4632352941176471,0.47058823529411764
123,123,G,18.792363456268156,-0.009,-4.448,-4.439,90.73016929162475,85.53275206870926,0.09523809523809523,0.08333333333333333
124,124,A,16.664908244915125,-0.395,-4.743,-4.348,92.21179208377013,89.10877498730841,0.0,0.0
125,125,F,15.869383624547009,-0.677,-7.716,-7.039,93.94532861824756,90.39758826117878,0.0,0.0
126,126,W,19.11948404804498,0.184,1.637,1.453,89.6839474824336,85.04965444620267,0.6167400881057269,0.5903083700440529
127,127,G,20.365984774494358,-0.461,-2.899,-2.438,87.39696166332838,80.72153016941114,0.30952380952380953,0.39285714285714285
128,128,L,17.231214145632144,-0.788,-5.246,-4.458,92.46663400740836,88.63236077540594,0.012195121951219513,0.006097560975609756
129,129,S,17.71405579854132,-0.386,-1.582,-1.196,89.58047167521623,84.65256392554727,0.45384615384615384,0.43846153846153846
130,130,S,15.610986505918076,0.065,-1.991,-2.056,93.94984155820593,90.28959358237601,0.2692307692307692,0.24615384615384617
131,131,L,12.855765916869945,-0.991,-5.85,-4.859,96.24075459942695,93.72778660011441,0.006097560975609756,0.0
132,132,K,9.655472912631037,-1.515,-6.618,-5.103,97.46112425521544,94.78595605953744,0.48292682926829267,0.44878048780487806
133,133,R,7.675912874410432,-1.402,-3.391,-1.989,97.70046188310974,96.11979809971518,0.24596774193548387,0.34274193548387094
134,134,L,8.073726425606209,-0.252,-7.457,-7.205,97.68976016748394,95.64513204971095,0.0,0.0
135,135,D,6.163771434691095,-1.659,-6.395,-4.736,97.27044435729066,95.20129796648654,0.024539877300613498,0.024539877300613498
136,136,L,5.794899103821446,-0.823,-6.117,-5.294,97.09607891514538,95.24821392903115,0.0,0.0
137,137,T,4.801790076129385,0.534,-2.961,-3.495,97.10986954641628,94.98291778735093,0.14084507042253522,0.11971830985915492
138,138,N,5.729477337419042,0.072,-2.998,-3.07,96.94758538579798,94.44731888319598,0.5095541401273885,0.4840764331210191
139,139,N,5.388948367864141,-0.293,-3.688,-3.395,96.14215063176798,93.56304961411406,0.07643312101910828,0.06369426751592357
140,140,R,4.576224284545965,1.545,-0.678,-2.223,93.35532667683998,91.33446693307717,0.5645161290322581,0.3790322580645161
141,141,I,5.390052664332919,-2.052,-7.707,-5.655,93.55519020668346,90.64319914127744,0.0,0.01775147928994083
142,142,G,6.143092332262664,-0.107,0.043,0.15,88.92886324203522,86.21808005148176,0.05952380952380952,0.07142857142857142
143,143,C,8.507122681608628,-0.78,2.991,3.771,84.22694327710069,83.45919905316126,0.16296296296296298,0.43703703703703706
144,144,L,11.076320606846707,-1.68,-3.791,-2.111,89.25073099864007,86.94704127172184,0.13414634146341464,0.07926829268292683
145,145,N,14.53359559150286,-0.96,-1.593,-0.633,87.47639460927941,83.3131684300891,0.3821656050955414,0.4585987261146497
146,146,A,16.28643524825257,-0.515,-0.335,0.18,90.37680129680493,84.87857695845172,0.22641509433962265,0.25471698113207547
147,147,D,17.693433689866122,-0.861,-4.134,-3.273,91.19263491611001,86.65046182553412,0.3619631901840491,0.38650306748466257
148,148,I,14.697620270952184,-0.187,-3.053,-2.866,91.59523179551063,89.5582658089646,0.0,0.04142011834319527
149,149,F,14.124448370930768,-1.091,-8.938,-7.847,93.67900377346692,90.48341448785399,0.0,0.0
150,150,R,17.636992961349026,-0.653,-2.058,-1.405,90.89917685166124,86.56680974478438,0.43548387096774194,0.4959677419354839
151,151,G,18.379480897319894,-0.015,-2.604,-2.589,87.97777769471212,81.9231696129335,0.2619047619047619,0.2261904761904762
152,152,L,15.01392762430536,-0.548,-5.445,-4.897,94.12452592889007,90.5887465880322,0.006097560975609756,0.0
153,153,T,15.869679041245359,-0.217,-0.999,-0.782,91.77689033847003,87.94136659026174,0.4788732394366197,0.4647887323943662
154,154,N,13.428031800210993,-0.144,-1.704,-1.56,95.82651778767227,92.60987506444194,0.5159235668789809,0.5159235668789809
155,155,L,10.752935667669028,-0.173,-5.744,-5.571,96.64431633486411,94.05742415901726,0.0,0.0
156,156,V,8.349273414366873,-0.465,-4.313,-3.848,97.11223091021704,94.48549871008211,0.4507042253521127,0.4154929577464789
157,157,R,6.073700510040678,-0.788,-3.753,-2.965,97.27289973159942,95.18485167840477,0.2620967741935484,0.27419354838709675
158,158,L,6.302188653939355,-0.93,-7.614,-6.684,96.82751824182995,94.79713889350687,0.0,0.0
159,159,N,4.453213605687424,-1.148,-4.129,-2.981,96.70445946346588,94.67480031708031,0.07006369426751592,0.09554140127388536
160,160,L,4.7354781037460665,-0.944,-6.509,-5.565,95.97728487331909,93.58244332308968,0.0,0.0
161,161,S,4.614881698954393,-0.05,-4.384,-4.334,96.28250430888174,93.81478140568416,0.14615384615384616,0.17692307692307693
162,162,G,5.128063632401054,-0.042,-2.171,-2.129,94.50035960106811,90.78442217232327,0.38095238095238093,0.40476190476190477
163,163,N,4.270903412434136,-2.584,-5.02,-2.436,94.38460775558414,91.75699768630649,0.03821656050955414,0.03184713375796178
164,164,L,4.805771671204529,1.217,-1.313,-2.53,91.71211818551966,88.90364205162305,0.31097560975609756,0.3353658536585366
165,165,F,6.709179687416289,0.967,-1.559,-2.526,90.9729560822988,87.37477396465269,0.015228426395939087,0.005076142131979695
166,166,S,9.402929946523425,-0.429,-2.72,-2.291,89.86633408612978,84.29071258871173,0.07692307692307693,0.1
167,167,S,11.296252968171581,-0.519,-2.306,-1.787,89.26112740094221,85.71562552540843,0.16153846153846155,0.2692307692307692
168,168,L,11.880949235959799,-0.468,-4.636,-4.168,90.09855226460608,86.9633082664247,0.012195121951219513,0.018292682926829267
169,169,S,15.227982235179793,0.41,-2.116,-2.526,88.76938016780399,83.90836818199236,0.5230769230769231,0.6230769230769231
170,170,Q,17.537496886244934,-0.265,-0.273,-0.008,90.13217856018562,85.3187600993226,0.8484848484848485,0.7676767676767676
171,171,G,17.52860223062014,-0.465,-3.424,-2.959,89.70172199101604,85.28375188830239,0.08333333333333333,0.10714285714285714
172,172,T,14.405445097195528,-0.901,-4.261,-3.36,91.29904916064083,88.95278526873295,0.0,0.014084507042253521
173,173,F,13.916015188873853,0.113,-5.411,-5.524,94.09684023413506,91.01167189979867,0.005076142131979695,0.015228426395939087
174,174,D,17.331628923239037,-0.341,-2.072,-1.731,91.29960420946428,87.54976479737353,0.6809815950920245,0.7239263803680982
175,175,Y,16.97690683064492,-1.441,-3.675,-2.234,92.78453868316754,88.21344099217768,0.32882882882882886,0.34684684684684686
176,176,L,13.921300033737449,-0.138,-5.793,-5.655,94.0848975520957,90.76214510264813,0.042682926829268296,0.04878048780487805
177,177,A,15.55309212354095,-0.594,-0.859,-0.265,91.39943911777566,86.79329658016876,0.6698113207547169,0.7358490566037735
178,178,S,12.516891863328722,-0.242,-2.337,-2.095,95.42129757531698,91.92641657281703,0.2923076923076923,0.25384615384615383
179,179,L,10.37007883557914,0.526,-5.976,-6.502,95.78188150035263,93.25216312534994,0.0,0.018292682926829267
180,180,R,9.16194320614926,-0.649,-3.902,-3.253,95.40896061525326,92.62875754064804,0.4717741935483871,0.5362903225806451
181,181,S,6.958419340861703,0.444,-2.506,-2.95,96.17218255862545,93.81058359684775,0.2076923076923077,0.2153846153846154
182,182,L,7.167827552331855,-1.914,-6.898,-4.984,95.90730477685992,93.4740614068659,0.0,0.0
183,183,E,6.035057583268331,-1.296,-4.442,-3.146,95.38122298445555,93.55314343292204,0.10824742268041238,0.12371134020618557
184,184,F,6.758047208448772,-1.56,-5.498,-3.938,95.10297835516064,92.48401760237013,0.01015228426395939,0.015228426395939087
185,185,Q,7.744879426639922,1.524,-2.224,-3.748,95.08040275018016,92.09137050485378,0.2777777777777778,0.2727272727272727
186,186,T,7.5307521859466195,1.766,-2.571,-4.337,93.21100106266536,90.2711946897242,0.035211267605633804,0.04225352112676056
187,187,E,9.437906393932076,0.3,-1.232,-1.532,92.30712541606216,89.90028759234188,0.788659793814433,0.7783505154639175
188,188,Y,9.694336947235811,-0.75,-2.573,-1.823,91.45819531979735,87.74673581071276,0.36486486486486486,0.2972972972972973
189,189,L,10.907226166798216,-1.991,-8.036,-6.045,92.68873751605814,89.76409518192068,0.006097560975609756,0.0
190,190,L,13.583540713005483,-0.808,-3.759,-2.951,91.47763013849993,88.46262318327321,0.018292682926829267,0.042682926829268296
191,191,C,15.968959232275036,-1.624,-2.519,-0.895,92.39485584795403,89.98544348207643,0.007407407407407408,0.007407407407407408
192,192,D,18.170843943824153,-1.457,-6.342,-4.885,90.86944581855865,88.05144736858885,0.012269938650306749,0.04294478527607362
193,193,C,20.0214933707612,0.292,2.575,2.283,90.45115140508365,87.9027397870479,0.37777777777777777,0.37037037037037035
194,194,N,17.604073085773624,-2.31,-2.991,-0.681,89.22371125709404,85.75445528761419,0.34394904458598724,0.4267515923566879
195,195,I,15.328108155392405,-1.295,-2.922,-1.627,91.51359698088976,89.26001857922746,0.011834319526627219,0.047337278106508875
196,196,L,18.6595800731331,0.717,-1.149,-1.866,91.14168064593495,88.58417148737352,0.36585365853658536,0.21341463414634146
197,197,W,18.426344191577165,-2.674,-5.418,-2.744,91.99726869329115,90.16647133189531,0.15859030837004406,0.13215859030837004
198,198,M,15.544386991899678,-3.456,-4.192,-0.736,91.78551682047791,89.72351691511851,0.015957446808510637,0.010638297872340425
199,199,H,16.586091506471416,1.961,-0.013,-1.974,89.01489508496373,87.33780773905477,0.04891304347826087,0.06521739130434782
200,200,R,18.46697430412548,2.364,-1.354,-3.718,89.81942202590415,87.75202335885179,0.6854838709677419,0.5080645161290323
201,201,W,16.663617993828108,-0.081,-5.189,-5.108,92.44425102935722,89.95725919810921,0.1145374449339207,0.13215859030837004
202,202,V,14.111110221119722,0.698,-3.802,-4.5,92.2761230588078,89.84522296821625,0.07042253521126761,0.056338028169014086
203,203,K,16.250633926972675,0.671,-0.748,-1.419,89.83755467082595,86.49075667481459,0.7317073170731707,0.5609756097560976
204,204,E,17.777211587862958,-1.469,-3.355,-1.886,91.31814875880058,89.09690650517882,0.5927835051546392,0.7525773195876289
205,205,K,15.048237263244392,-0.03,-2.27,-2.24,91.22344531038446,87.55319860769268,0.5609756097560976,0.5951219512195122
206,206,N,13.176028460058426,-0.536,-2.422,-1.886,92.48915783680187,88.87604510194659,0.8407643312101911,0.8598726114649682
207,207,I,11.093220668640003,1.432,-5.609,-7.041,94.01274084825863,90.38940153254981,0.07692307692307693,0.05917159763313609
208,208,T,9.69056897019674,-2.182,-1.863,0.319,94.18201720887632,91.00246181734381,0.676056338028169,0.6830985915492958
209,209,V,9.45670939429166,-0.013,-2.976,-2.963,92.86670660714253,89.52028246571798,0.16901408450704225,0.16901408450704225
210,210,R,8.298244585224127,-1.207,-1.038,0.169,86.9577356509868,79.17894462538258,0.5161290322580645,0.5443548387096774
211,211,D,10.396893671802543,-0.511,-1.785,-1.274,80.8178630528148,77.38236362604538,0.6380368098159509,0.6503067484662577
212,212,T,10.312747175704926,-0.732,-5.345,-4.613,93.00871857850561,89.39024606950629,0.04225352112676056,0.035211267605633804
213,213,R,13.278880885615528,0.32,-3.731,-4.051,94.7987333442245,91.8417231585746,0.46774193548387094,0.45564516129032256
214,214,C,14.465053122766191,-0.425,-4.195,-3.77,94.05933500660329,90.98283353014054,0.014814814814814815,0.007407407407407408
215,215,V,14.250006257752094,-0.522,-2.361,-1.839,92.96415715277813,90.47437180694823,0.2112676056338028,0.20422535211267606
216,216,Y,15.624638705228584,-0.88,-4.402,-3.522,91.23522112423649,87.4410466587261,0.30180180180180183,0.23873873873873874
217,217,P,18.12358731482726,-0.192,-5.268,-5.076,90.7445781044314,86.35415898946948,0.23529411764705882,0.22794117647058823
218,218,K,19.56792124774133,-0.193,-2.451,-2.258,89.75752009344953,85.78760889902291,0.7365853658536585,0.7170731707317073
219,219,S,21.94009013237749,0.485,-0.39,-0.875,91.27346938882737,86.51766950151767,0.7923076923076923,0.7307692307692307
220,220,L,19.579515385862408,0.233,-6.121,-6.354,91.51504432039175,87.44169313486346,0.018292682926829267,0.024390243902439025
221,221,Q,18.05665715296161,-0.423,-1.392,-0.969,92.56252461932229,88.5272738757042,0.6363636363636364,0.6262626262626263
222,222,A,16.860568920508204,-0.512,-0.779,-0.267,91.53274228329154,87.5013768860881,0.5566037735849056,0.5471698113207547
223,223,Q,17.60820500391916,-0.612,-3.183,-2.571,93.1857560672348,89.47062802999561,0.3333333333333333,0.35353535353535354
224,224,P,15.052510568019136,-1.056,-5.882,-4.826,92.72247393742065,89.83873544403517,0.40441176470588236,0.38235294117647056
225,225,V,14.641946942882269,-2.066,-5.268,-3.202,92.33731442740624,88.8542898846666,0.014084507042253521,0.09859154929577464
226,226,T,15.282325914364423,-0.015,-1.023,-1.008,89.74099150842416,86.69932169461975,0.4014084507042254,0.38028169014084506
227,227,G,17.966650558428075,-1.115,-0.676,0.439,88.94855777237665,84.94729650206516,0.5238095238095238,0.6309523809523809
228,228,V,19.49489091795515,-1.649,-4.374,-2.725,91.55526898056955,87.63441545932527,0.04225352112676056,0.007042253521126761
229,229,K,22.67822441203319,-0.899,-2.308,-1.409,90.41273429234529,86.67396999386003,0.6634146341463415,0.5804878048780487
230,230,Q,23.196995897433425,0.962,-0.393,-1.355,89.9201180598253,87.30837022261652,0.6565656565656566,0.4595959595959596
231,231,E,26.131239219774372,0.269,-0.663,-0.932,89.64380690395477,84.63431719700974,0.7268041237113402,0.654639175257732
232,232,L,23.751554501220625,-0.074,-3.483,-3.409,90.4776804223989,85.8361275707989,0.4695121951219512,0.42073170731707316
233,233,L,21.34670168428071,0.444,-5.435,-5.879,90.70549303528773,87.65085578234918,0.036585365853658534,0.042682926829268296
234,234,T,22.99553927192062,-0.609,-1.528,-0.919,89.88711378009616,85.90545385986694,0.4647887323943662,0.5070422535211268
235,235,C,21.73983924167731,-0.956,0.483,1.439,87.48006082877478,84.25542784185095,0.17777777777777778,0.2
236,236,D,24.212049901432096,-0.456,-0.403,0.053,85.27236749866607,77.15108370011194,0.7177914110429447,0.7300613496932515
237,237,P,23.525353740762817,-0.683,-4.062,-3.379,78.51504547897638,70.03979400427033,0.6176470588235294,0.6544117647058824
238,238,P,22.229403566301364,-1.229,-2.92,-1.691,79.84048765400439,67.51530566724249,0.8161764705882353,0.8088235294117647
239,239,L,19.15783376098314,-1.394,-3.327,-1.933,81.92218624015788,74.71476782834212,0.03048780487804878,0.07317073170731707
240,240,E,17.186466481135636,-0.219,-3.726,-3.507,87.55413095396952,79.82380048074138,0.39690721649484534,0.32989690721649484
241,241,L,13.75425901598186,-0.984,-3.039,-2.055,89.1327892217806,84.00096171686218,0.12804878048780488,0.12195121951219512
242,242,P,11.742736991066023,-1.293,-4.379,-3.086,86.6418821734105,80.15128608649161,0.07352941176470588,0.08088235294117647
243,243,S,10.202419312209107,0.413,-2.144,-2.557,87.39928924441142,83.8311433326309,0.17692307692307693,0.19230769230769232
244,244,F,10.89477183352741,-0.598,-2.924,-2.326,93.15824091242095,90.44204030360167,0.09137055837563451,0.1065989847715736
245,245,Y,10.322402160622655,-0.44,-2.022,-1.582,93.77847402528947,90.91038122658045,0.5,0.5135135135135135
246,246,M,9.625940540676126,0.333,-2.805,-3.138,94.39247794558956,92.61236074917913,0.0425531914893617,0.05319148936170213
247,247,T,9.070315214367364,0.557,-1.141,-1.698,94.13562074558375,92.0894009422077,0.6408450704225352,0.23943661971830985
248,248,P,10.281669367300713,-0.869,-5.444,-4.575,94.4283570387979,91.56758901274769,0.08088235294117647,0.0
249,249,S,12.726117590884597,1.286,-1.666,-2.952,89.64994085446595,88.23020053764866,0.6,0.4846153846153846
250,250,H,15.132729712032921,-1.43,-0.268,1.162,89.7999077134377,86.59156779875364,0.7608695652173914,0.6086956521739131
251,251,R,15.991345337575405,-2.408,-2.236,0.172,87.02513305319097,86.74374538855997,0.4838709677419355,0.6653225806451613
252,252,Q,14.1256933915864,-1.368,-4.759,-3.391,90.50389457177583,87.5256672772882,0.3282828282828283,0.12626262626262627
253,253,V,14.631649786338292,-0.935,-2.251,-1.316,88.06324761352532,85.4477136956167,0.4859154929577465,0.2887323943661972
254,254,V,12.10907273216354,-0.965,-5.946,-4.981,90.29272589681499,86.46418649382802,0.08450704225352113,0.07746478873239436
255,255,F,11.107354798257843,0.157,-4.634,-4.791,88.5119468969601,83.47637777690328,0.43147208121827413,0.29949238578680204
256,256,E,8.457642875417424,-1.151,-3.38,-2.229,87.33061439014998,83.3164352251456,0.4690721649484536,0.34536082474226804
257,257,G,6.119262084953466,0.011,-2.83,-2.841,88.39315270185715,83.37783664896777,0.4880952380952381,0.5595238095238095
258,258,D,7.386489243631308,0.464,-4.738,-5.202,90.63603272923456,87.35135239564737,0.44171779141104295,0.4294478527607362
259,259,S,5.699588085076825,-0.338,-1.133,-0.795,92.46852168675741,90.8452832175444,0.6307692307692307,0.5538461538461539
260,260,L,6.563343270643919,0.403,-2.697,-3.1,94.07886614934175,91.0239681792319,0.10365853658536585,0.06707317073170732
261,261,P,4.882965714546135,-1.408,-2.446,-1.038,95.57002455075558,93.74791300387302,0.5514705882352942,0.3382352941176471
262,262,F,6.134520496221765,-0.119,-6.286,-6.167,96.29335698814788,94.20334924582423,0.005076142131979695,0.005076142131979695
263,263,Q,5.506117157139924,0.231,-2.637,-2.868,95.6555027021933,93.95325038274468,0.4494949494949495,0.4898989898989899
264,264,C,7.356613054200899,0.23,-1.674,-1.904,96.19054899063491,94.70039261241813,0.007407407407407408,0.02962962962962963
265,265,M,7.036465801422021,-0.997,-2.216,-1.219,94.2138757024668,92.39267171731026,0.14893617021276595,0.15425531914893617
266,266,A,9.066335735328416,0.076,-4.748,-4.824,92.85115822387922,90.71902166378939,0.0,0.0
267,267,S,9.238987798385534,0.615,-2.501,-3.116,90.18910210812544,87.1950144075068,0.038461538461538464,0.046153846153846156
268,268,Y,10.388251570904755,-0.22,-2.853,-2.633,90.42785185227154,87.2221370860207,0.22972972972972974,0.23423423423423423
269,269,I,12.885894426743292,-3.175,-2.196,0.979,85.9087467937089,80.57695597677488,0.09467455621301775,0.11242603550295859
270,270,D,15.71645637818782,0.325,-0.946,-1.271,84.33351641942467,79.88945734230063,0.11042944785276074,0.13496932515337423
271,271,Q,16.889871848081043,-0.053,1.471,1.524,85.58346286401843,81.23191305094343,0.9141414141414141,0.8838383838383839
272,272,D,18.462993685183832,0.586,-2.727,-3.313,89.04230746191517,85.88736786697716,0.4171779141104294,0.656441717791411
273,273,M,15.538808155607612,1.408,-3.074,-4.482,91.30067891854517,88.8525228746265,0.06382978723404255,0.06382978723404255
274,274,Q,14.624485091493131,-0.493,-3.323,-2.83,92.77434758345737,90.71566283436962,0.48484848484848486,0.494949494949495
275,275,V,12.270463144675965,-0.57,-4.528,-3.958,94.75514408491435,92.80199754793416,0.04225352112676056,0.04225352112676056
276,276,L,13.338350569709478,-0.674,-4.676,-4.002,95.5460847177889,93.61165251915526,0.12195121951219512,0.13414634146341464
277,277,W,12.080872914289115,0.026,-7.898,-7.924,96.07637788569039,94.05774379256006,0.022026431718061675,0.022026431718061675
278,278,Y,14.25436663368812,-0.582,-5.173,-4.591,95.32502735868907,93.45341551928735,0.22522522522522523,0.19369369369369369
279,279,Q,14.578360645046002,-0.315,-4.195,-3.88,93.98644726569255,92.2091982504495,0.15151515151515152,0.1919191919191919
280,280,D,17.668077038411457,1.221,-3.886,-5.107,91.23630541829742,89.09321896097207,0.6196319018404908,0.43558282208588955
281,281,G,18.796184445386892,0.129,-1.697,-1.826,89.81687819466856,85.29532795953581,0.7738095238095238,0.7619047619047619
282,282,R,17.81823585540394,-1.061,-2.085,-1.024,93.1584002965769,90.1790539132198,0.8024193548387096,0.7338709677419355
283,283,I,16.118345050424583,-0.457,-0.329,0.128,93.38939163023745,90.95262064658698,0.4378698224852071,0.46745562130177515
284,284,V,13.07581487024865,-0.797,-4.232,-3.435,93.04647783486911,90.63979066290504,0.1267605633802817,0.13380281690140844
285,285,E,12.44302801251003,-0.16,-1.217,-1.057,92.21799619693172,89.01485427576677,0.711340206185567,0.7577319587628866
286,286,T,10.495405574079236,-1.193,-2.207,-1.014,93.04591182269495,90.01913408526615,0.5422535211267606,0.5211267605633803
287,287,D,10.447414568105074,-0.514,-7.622,-7.108,91.5205369039728,87.9794763059849,0.32515337423312884,0.31901840490797545
288,288,E,9.157994366368719,-0.455,-1.214,-0.759,87.75229109687915,83.83561561016266,0.8041237113402062,0.8144329896907216
289,289,S,9.437953865145744,-0.935,-2.659,-1.724,85.43557169129507,80.67426352157236,0.8153846153846154,0.8538461538461538
290,290,Q,8.25562608231315,-0.666,-1.805,-1.139,86.18904318683279,80.62564298395681,0.4494949494949495,0.5555555555555556
291,291,G,6.198013424209358,-0.403,-4.476,-4.073,88.07015255719533,84.18339471003672,0.07142857142857142,0.11904761904761904
292,292,I,6.978570688238589,-0.85,-6.708,-5.858,93.16113899367677,90.42091939009401,0.011834319526627219,0.029585798816568046
293,293,F,6.989369244796019,-0.571,-3.355,-2.784,94.53210151420306,92.55665173152464,0.4619289340101523,0.4416243654822335
294,294,V,8.164787941862654,-0.367,-3.948,-3.581,94.7187360314915,92.29659696370929,0.2605633802816901,0.2535211267605634
295,295,E,8.128556241800501,-0.469,-3.059,-2.59,93.27306557148198,90.86360838310655,0.6030927835051546,0.6185567010309279
296,296,K,10.7384597196448,-0.029,0.059,0.088,90.46469193592428,86.48444635229407,0.9658536585365853,0.9804878048780488
297,297,N,10.394319737089214,-1.178,-0.949,0.229,89.98664768422258,87.0616828114971,0.40764331210191085,0.3821656050955414
298,298,M,9.33192823207869,-0.256,-0.652,-0.396,90.06994733793088,87.09780741558643,0.5851063829787234,0.5797872340425532
299,299,I,9.126836954234223,-0.866,-3.189,-2.323,86.68260784798734,83.73084566999022,0.40828402366863903,0.378698224852071
300,300,H,7.014075974128202,-0.142,-3.71,-3.568,84.0350535668715,80.63532047950844,0.3641304347826087,0.33695652173913043
301,301,N,7.5363962959018,-1.136,-1.567,-0.431,79.94989044065822,74.14410683649251,0.47770700636942676,0.4713375796178344
302,302,C,8.999486246607482,-1.754,2.616,4.37,81.3509194567432,78.23183281877338,0.45185185185185184,0.45185185185185184
303,303,S,7.041152744395573,0.189,-2.366,-2.555,85.59169808860939,79.90986302684043,0.08461538461538462,0.09230769230769231
304,304,L,6.7098670927739095,-0.846,-2.523,-1.677,89.56350080530346,86.08872394785017,0.2682926829268293,0.29878048780487804
305,305,I,8.221772777653134,0.4,-5.157,-5.557,92.85466490203635,90.68556646420794,0.01775147928994083,0.011834319526627219
306,306,A,6.620152814903995,-0.043,-2.639,-2.596,93.66501978673905,92.42760509657015,0.05660377358490566,0.12264150943396226
307,307,S,7.037879810454439,-0.682,-4.902,-4.22,96.03912410989012,94.9288670889128,0.03076923076923077,0.06153846153846154
308,308,A,5.49677473294873,-0.354,-2.117,-1.763,95.7550271077401,93.64824067142708,0.03773584905660377,0.07547169811320754
309,309,L,6.226311968095306,-0.919,-5.366,-4.447,95.63796435039397,93.6280054400914,0.0,0.0
310,310,T,4.493652060500116,-0.657,-3.233,-2.576,94.71573511589865,92.41533023033669,0.33098591549295775,0.2746478873239437
311,311,I,5.169663294327934,-0.126,-4.986,-4.86,94.6263303743565,92.71922733214201,0.005917159763313609,0.01775147928994083
312,312,S,3.6142761991830934,0.168,-2.76,-2.928,91.91127516997267,87.1725516200381,0.3769230769230769,0.4076923076923077
313,313,N,4.313500183259606,-0.484,-0.81,-0.326,90.01874232560645,87.29624333426919,0.4968152866242038,0.47770700636942676
314,314,I,6.600194634976661,-1.197,-5.645,-4.448,91.44472195308155,88.56022036577008,0.0,0.005917159763313609
315,315,Q,7.726503820217707,-1.418,-3.281,-1.863,88.74124795878222,85.98176216951272,0.398989898989899,0.5
316,316,A,11.02094856231823,-0.549,-2.5,-1.951,85.75508779770654,79.8093422557565,0.1320754716981132,0.5
317,317,G,11.984802063139743,-0.82,0.929,1.749,86.6729987948828,81.89705586284411,0.6666666666666666,0.8095238095238095
318,318,S,11.120986912337555,-0.578,-3.472,-2.894,90.48618330154967,85.24765485425904,0.038461538461538464,0.1
319,319,T,13.76126551004753,-0.244,-1.958,-1.714,89.08528009091582,86.94065582037365,0.176056338028169,0.44366197183098594
320,320,G,15.79086475268088,0.033,-3.813,-3.846,91.29184557351576,89.40936211070719,0.21428571428571427,0.21428571428571427
321,321,N,15.885645966452856,-0.007,-2.6,-2.593,93.53764879613617,91.93318865959826,0.29936305732484075,0.3057324840764331
322,322,W,13.069598188442068,0.703,-6.603,-7.306,95.09356197964487,93.97224307650866,0.0,0.004405286343612335
323,323,G,13.12926400900145,2.612,0.344,-2.268,95.19649677662062,93.04741894569857,0.0,0.011904761904761904
324,324,C,11.987348742517938,-0.458,-2.48,-2.022,95.96250157263026,93.8439531638462,0.0,0.0
325,325,H,14.510433390998564,-2.508,-4.503,-1.995,94.74816515169758,92.31825247126089,0.2554347826086957,0.22282608695652173
326,326,V,14.308589434384274,-0.218,-6.156,-5.938,93.64432360452412,91.49070110255785,0.007042253521126761,0.014084507042253521
327,327,Q,17.301285953775558,-0.381,-4.005,-3.624,91.51122537261836,88.9997679692661,0.3333333333333333,0.2676767676767677
328,328,T,18.932378787349567,-2.46,-2.991,-0.531,89.74253921864286,86.59457438302273,0.1056338028169014,0.1267605633802817
329,329,K,22.216067126831152,-0.711,-0.943,-0.232,86.33290695211107,83.02680910868484,0.7902439024390244,0.6585365853658537
330,330,R,21.169458182717076,-3.469,-6.576,-3.107,84.46317533205092,79.86441479568614,0.056451612903225805,0.08064516129032258
331,331,G,21.24952154272645,-0.067,-2.194,-2.127,86.60127964161141,79.98363531736162,0.19047619047619047,0.27380952380952384
332,332,N,19.04292177369803,-2.175,-0.054,2.121,90.08278460999843,86.48181895467643,0.6751592356687898,0.643312101910828
333,333,N,16.87551015692117,-0.843,-2.846,-2.003,91.5698956441574,88.51127748556839,0.2484076433121019,0.25477707006369427
334,334,T,16.124369901658664,0.226,-1.428,-1.654,93.78285349712188,91.61231939995854,0.38028169014084506,0.3732394366197183
335,335,R,14.48281397935321,0.463,-3.258,-3.721,94.21711346683712,92.0375162733412,0.4596774193548387,0.4274193548387097
336,336,T,15.043441054887259,0.813,-0.845,-1.658,94.45100390732286,93.55139767489364,0.47183098591549294,0.5211267605633803
337,337,V,14.613312776522122,-0.915,-4.535,-3.62,94.14931753677345,92.9302131158698,0.028169014084507043,0.04929577464788732
338,338,D,15.808732202577179,-1.506,-4.825,-3.319,92.22303615687841,91.88014794995149,0.34355828220858897,0.37423312883435583
339,339,I,13.635185598019692,-0.812,-5.945,-5.133,90.99455933524007,89.7313788752616,0.023668639053254437,0.01775147928994083
340,340,V,14.85734082698348,-2.44,-5.979,-3.539,86.48512709686501,85.42133187171815,0.007042253521126761,0.3873239436619718
341,341,V,12.626701183649379,-0.34,-5.443,-5.103,88.20545639146404,84.80882900886397,0.04929577464788732,0.11267605633802817
342,342,L,13.62255511780391,-2.647,-7.191,-4.544,81.80447376916116,72.11564930830649,0.054878048780487805,0.20121951219512196
343,343,E,12.01480164202555,1.082,-0.987,-2.069,77.86991027004933,70.49084645437391,0.5670103092783505,0.6494845360824743
344,344,S,12.179903435477035,2.356,1.153,-1.203,72.6053950061996,65.61856007710446,0.8461538461538461,0.7692307692307693
345,345,S,13.819220211291945,-0.455,-1.431,-0.976,74.208282579194,68.06348448454627,0.3923076923076923,0.5923076923076923
346,346,A,16.371206050893377,1.662,-0.317,-1.979,73.95246963070757,64.38660138135407,0.41509433962264153,0.25471698113207547
347,347,Q,15.478255076238073,-0.232,-3.628,-3.396,84.67530770183839,76.58900941692764,0.4393939393939394,0.5858585858585859
348,348,Y,15.517261360870876,-1.027,-3.146,-2.119,88.52966683098792,83.54051970484716,0.44144144144144143,0.28378378378378377
349,349,C,14.666223885475949,-1.695,-3.604,-1.909,92.93454698261392,90.23872629455352,0.0,0.0
350,350,P,14.069241739041695,-0.22,-4.745,-4.525,93.64619903514834,91.60758278989476,0.5735294117647058,0.5588235294117647
351,351,P,13.983435235225148,-0.097,-4.314,-4.217,94.09929404995454,92.41512120613332,0.6911764705882353,0.6911764705882353
352,352,E,13.445225769752113,-2.607,-5.013,-2.406,93.69361583851376,91.0220083318013,0.44329896907216493,0.37628865979381443
353,353,R,13.001796989856182,-0.083,-1.063,-0.98,93.55248028611321,91.09738789797454,0.6290322580645161,0.6290322580645161
354,354,V,12.434787344214422,-0.608,-3.218,-2.61,91.85672295724622,88.17699036285464,0.19014084507042253,0.1619718309859155
355,355,V,11.747511414958138,-0.361,-1.565,-1.204,89.0190080591427,86.41788409500968,0.5985915492957746,0.6690140845070423
356,356,N,11.437015643005108,-0.858,-3.349,-2.491,88.9447591663901,86.40027981880694,0.37579617834394907,0.3375796178343949
357,357,N,11.352300189091777,-0.146,-3.287,-3.141,86.50703872936616,84.94486455712166,0.31210191082802546,0.34394904458598724
358,358,K,12.688268400697055,-0.008,-3.373,-3.365,88.34589165986687,86.67688299698824,0.13170731707317074,0.15121951219512195
359,359,G,12.87895917720386,-0.111,-2.732,-2.621,86.77989073163643,82.8978907909577,0.13095238095238096,0.10714285714285714
360,360,D,12.89499698843138,1.335,-3.914,-5.249,89.27974734579357,88.14035104428353,0.34355828220858897,0.3374233128834356
361,361,F,13.5700280135679,-0.606,-6.282,-5.676,91.89931750307181,89.91920142441651,0.025380710659898477,0.015228426395939087
362,362,R,14.200538108471369,1.05,0.36,-0.69,93.1110024164468,90.96638965539971,0.717741935483871,0.6451612903225806
363,363,W,14.683947458946353,-1.168,-7.438,-6.27,93.5484320489278,91.5146747575476,0.013215859030837005,0.00881057268722467
364,364,P,15.328837569180573,0.362,-4.331,-4.693,92.19467197710922,89.44612622393855,0.47794117647058826,0.47794117647058826
365,365,R,15.405272568382221,-0.226,0.233,0.459,90.98473925747747,88.7846382061357,0.6975806451612904,0.6895161290322581
366,366,T,15.78278466599017,-1.253,-5.547,-4.294,90.65176408139995,88.13072632429792,0.056338028169014086,0.08450704225352113
367,367,L,16.378446044276732,-2.147,-4.775,-2.628,86.27398927438912,82.99614204486701,0.10365853658536585,0.3231707317073171
368,368,A,15.87716821961317,-0.817,-3.76,-2.943,86.01382362904563,83.35078588756278,0.018867924528301886,0.2358490566037736
369,369,G,16.721464566774245,-0.891,-3.557,-2.666,83.23662396580993,80.56728539758431,0.10714285714285714,0.4642857142857143
370,370,I,16.056276005734553,-1.454,-2.746,-1.292,84.76903411276567,84.15939199628893,0.14201183431952663,0.4970414201183432
371,371,T,16.31661593604405,-1.379,-3.8,-2.421,89.1188383947449,89.29490460456621,0.20422535211267606,0.3380281690140845
372,372,A,16.134861963602365,-0.021,-3.965,-3.944,91.07128676323644,90.0389041257547,0.09433962264150944,0.09433962264150944
373,373,Y,16.21277456947711,-0.451,-2.534,-2.083,91.56783892626446,89.79808226268062,0.6351351351351351,0.6441441441441441
374,374,L,15.669301405887431,-0.682,-4.765,-4.083,91.12970941971122,88.30581070810659,0.24390243902439024,0.23780487804878048
375,375,Q,15.886805234169762,-0.602,-1.418,-0.816,87.66570693800219,85.04741861635885,0.5353535353535354,0.4494949494949495
376,376,C,14.448813437205013,-0.476,-1.955,-1.479,87.2526089344727,83.67128784709188,0.037037037037037035,0.07407407407407407
377,377,T,13.064254800421029,-0.949,0.088,1.037,76.29565424328852,70.62568131761869,0.5985915492957746,0.6338028169014085
378,378,R,13.105591053358308,-1.309,1.17,2.479,67.04169111597234,58.63671816849717,0.6814516129032258,0.6290322580645161
379,379,N,12.265758840122002,-2.344,-2.577,-0.233,61.09497278759033,53.61297294078167,0.5859872611464968,0.5031847133757962
380,380,T,12.413955940995297,0.018,1.108,1.09,52.06424626256555,43.294665697765595,0.8098591549295775,0.8450704225352113
381,381,H,12.057708898607425,-0.854,-1.29,-0.436,47.19362409265522,41.656058521402876,0.8586956521739131,0.9239130434782609
382,382,G,12.347390315461972,-3.266,-0.346,2.92,46.108649084620986,39.27137409448914,0.6309523809523809,0.7142857142857143
383,383,S,11.850686757333525,-2.255,0.902,3.157,43.73203955285134,33.259190848460996,0.8769230769230769,0.9384615384615385
384,384,G,12.284895645243122,-3.192,-0.328,2.864,45.60920542212988,37.514018663481686,0.5714285714285714,0.75
385,385,I,11.156467395943091,-7.167,0.758,7.925,51.1715450563679,40.800413427466985,0.6863905325443787,0.9704142011834319
386,386,Y,12.977581636597293,-4.501,0.206,4.707,43.75255449030374,36.904775258088186,0.6531531531531531,0.8783783783783784
387,387,P,15.826213475379904,-1.486,-3.515,-2.029,44.81443992769345,37.46422670685569,0.7720588235294118,0.8382352941176471
388,388,G,15.467373492301201,-1.07,-0.211,0.859,46.74880308435967,37.35345249348029,0.7738095238095238,0.5952380952380952
389,389,N,16.98458997740142,-0.573,-1.955,-1.382,49.15129697188967,37.545826592569945,0.6751592356687898,0.7197452229299363
390,390,P,17.52950907752568,-1.396,-2.726,-1.33,51.48640506820902,51.37542449447938,0.6617647058823529,0.8602941176470589
391,391,Q,18.9300712571728,-1.005,-1.509,-0.504,48.88504103819286,42.32448690307864,0.7676767676767676,0.8484848484848485
392,392,D,17.541185195267378,-4.23,-5.946,-1.716,53.08869495422732,46.34844618081842,0.37423312883435583,0.5521472392638037
393,393,E,17.007116863650666,-0.314,-0.73,-0.416,68.82242100414302,56.86097801108326,0.5721649484536082,0.37628865979381443
394,394,R,15.694033578777086,-3.003,-3.303,-0.3,81.81130979424607,72.46429335026964,0.4475806451612903,0.5120967741935484
395,395,K,15.680699605047325,-2.323,-2.147,0.176,87.59432612372574,83.5305717318082,0.37073170731707317,0.33658536585365856
396,396,A,14.929984405944635,-0.138,-5.13,-4.992,91.7025326980916,89.84126186972448,0.0,0.0
397,397,W,15.35308358301788,-2.487,-3.357,-0.87,93.04274069965814,90.6957622718694,0.3392070484581498,0.3039647577092511
398,398,R,14.851187886568944,-1.471,-6.624,-5.153,93.7501845525964,91.66638562613629,0.0967741935483871,0.07258064516129033
399,399,R,15.102030645555887,-0.949,-2.766,-1.817,91.9601219807199,90.35963838533847,0.3709677419354839,0.46774193548387094
400,400,C,15.130033236007964,-0.645,-3.27,-2.625,91.88428379866114,90.02883843556127,0.0,0.0
401,401,D,15.136036580682095,1.24,-4.326,-5.566,88.77122490401347,86.81945218345207,0.3619631901840491,0.2822085889570552
402,402,R,15.68990287472603,-1.298,0.051,1.349,82.8013369338559,80.97677546585031,0.5282258064516129,0.907258064516129
403,403,G,14.825418072906848,-0.449,-0.949,-0.5,86.34910209042559,83.98369295795145,0.4523809523809524,0.4880952380952381
404,404,G,14.538195601566892,-0.735,-4.191,-3.456,88.16282833096896,84.90419319671535,0.09523809523809523,0.09523809523809523
405,405,F,13.583211887844447,-0.394,-0.892,-0.498,92.51565036902524,90.27365225001583,0.7208121827411168,0.7360406091370558
406,406,W,13.552909012974887,-2.7,-5.135,-2.435,93.41069004949144,91.84088779143791,0.18502202643171806,0.17180616740088106
407,407,A,13.572498252054265,-1.018,0.957,1.975,90.10016954089222,87.27223887763819,0.3867924528301887,0.32075471698113206
408,408,D,13.649386369276513,-0.448,-0.34,0.108,91.57218120750757,86.2182746276785,0.803680981595092,0.656441717791411
409,409,D,13.771702876982564,-3.529,-0.366,3.163,93.10104261299567,89.14001275409451,0.5276073619631901,0.5337423312883436
410,410,D,14.133865596615138,-2.874,-5.651,-2.777,93.24005929552878,89.96484035871741,0.24539877300613497,0.25153374233128833
411,411,Y,13.59995505508203,-0.12,-3.539,-3.419,91.99905279904588,88.88260072391245,0.0990990990990991,0.06756756756756757
412,412,S,13.814902509818882,-1.097,-3.081,-1.984,88.18722222061432,84.25674851741819,0.7307692307692307,0.676923076923077
413,413,R,14.668130660405486,0.622,-0.652,-1.274,86.27974120704287,82.1447968167895,0.45161290322580644,0.34274193548387094
414,414,C,14.101774880751634,-0.392,-2.151,-1.759,88.53909433140753,85.6676627440056,0.037037037037037035,0.037037037037037035
415,415,Q,13.690234274402359,0.316,1.07,0.754,86.25694823781474,84.47861682246891,0.3888888888888889,0.6111111111111112
416,416,Y,12.483247085333144,-1.741,-4.749,-3.008,88.45002590777263,86.89388423005124,0.13063063063063063,0.11711711711711711
417,417,A,12.176606356410902,-0.889,-1.21,-0.321,85.30240964725064,83.00278274783429,0.4339622641509434,0.46226415094339623
418,418,N,11.113427457502349,-0.407,-1.306,-0.899,86.00785912860026,83.3943611250456,0.28662420382165604,0.3503184713375796
419,419,D,11.7515537741256,2.412,-0.282,-2.694,85.53178041688216,82.69890843070135,0.6134969325153374,0.5644171779141104
420,420,V,10.662993621474785,-0.063,-1.44,-1.377,88.03679383758468,86.96710427233944,0.20422535211267606,0.323943661971831
421,421,T,10.647442512179587,-0.403,-5.087,-4.684,90.37012653261426,89.38309131025592,0.0,0.0
422,422,R,12.14611490748717,-1.836,-4.808,-2.972,88.82807473509818,88.07381665804961,0.24596774193548387,0.2540322580645161
423,423,V,11.893136903745184,-0.767,-3.673,-2.906,89.66981494843292,88.21499926884489,0.19718309859154928,0.2746478873239437
424,424,L,11.038108577317862,-0.513,-6.717,-6.204,92.48319683736004,91.16829224491242,0.012195121951219513,0.012195121951219513
425,425,Y,12.217328755251168,-0.496,-3.295,-2.799,91.69462102783868,90.3873381909596,0.33783783783783783,0.44594594594594594
426,426,M,13.405438527947531,-3.313,-2.194,1.119,89.45097186887207,86.46106736734917,0.28191489361702127,0.5531914893617021
427,427,F,12.58872621084756,-1.609,-5.504,-3.895,88.78804836217522,85.42890802686995,0.04568527918781726,0.02030456852791878
428,428,N,12.672579225811921,-1.565,-1.501,0.064,90.61830746741862,88.50627741364495,0.044585987261146494,0.050955414012738856
429,429,Q,14.424699860277812,-0.345,-1.875,-1.53,90.31648820254668,88.33970829281475,0.5656565656565656,0.6060606060606061
430,430,M,14.790273351182291,-0.945,-1.694,-0.749,88.68795565538129,84.49190975687839,0.11702127659574468,0.31382978723404253
431,431,P,15.938397277220911,-0.355,-2.61,-2.255,90.10209627001949,86.79016763675553,0.7426470588235294,0.7573529411764706
432,432,L,15.150582716236732,-1.086,-3.451,-2.365,89.68511738067787,87.02377165768621,0.2804878048780488,0.16463414634146342
433,433,N,15.660682022010167,-1.42,-3.693,-2.273,89.454908601618,87.07967126072019,0.4840764331210191,0.5987261146496815
434,434,L,15.337191922123175,0.017,0.156,0.139,85.38563111664051,83.76678622787061,0.2865853658536585,0.2865853658536585
435,435,T,15.232101405558392,-0.597,0.755,1.352,87.4753757223964,85.22437267549185,0.852112676056338,0.971830985915493
436,436,N,14.587515684300405,-1.303,-3.177,-1.874,90.634099747933,89.79667186576181,0.28662420382165604,0.3248407643312102
437,437,A,13.438567592184572,-0.424,-4.485,-4.061,91.63245487846193,90.33243298042161,0.0,0.0
438,438,V,12.650036960100657,-1.34,-3.349,-2.009,92.13526895197394,90.41381593890122,0.14084507042253522,0.18309859154929578
439,439,A,12.717283744165368,-0.012,-1.095,-1.083,92.1922339523226,90.52443304559272,0.4811320754716981,0.4811320754716981
440,440,T,12.66095668808553,-0.092,-3.995,-3.903,93.01228281707883,91.8239989313113,0.09154929577464789,0.09154929577464789
441,441,A,11.650540599777912,-0.609,-5.449,-4.84,93.98482550650964,92.68228734774885,0.0,0.0
442,442,R,10.827792641051634,-0.406,-3.204,-2.798,94.23229253880795,92.58492045966604,0.4717741935483871,0.5483870967741935
443,443,Q,11.161117058667116,0.024,-1.473,-1.497,93.43461584761937,91.57685820405025,0.5252525252525253,0.4898989898989899
444,444,L,10.83797391964187,-2.281,-7.734,-5.453,94.342474665718,92.84808922364735,0.0,0.0
445,445,L,9.515066222966638,-0.839,-3.708,-2.869,94.71032747657114,93.14673477440776,0.11585365853658537,0.2073170731707317
446,446,A,9.414395940219169,-0.656,-1.483,-0.827,92.14568942031529,90.61948755344767,0.6226415094339622,0.6226415094339622
447,447,Y,9.619350719922988,-1.498,-2.318,-0.82,89.76847014370502,88.35033129362444,0.5045045045045045,0.481981981981982
448,448,T,8.370993073641849,-0.608,-5.683,-5.075,93.838521348654,92.9933838525497,0.0,0.0
449,449,V,7.505336515220984,-1.156,1.54,2.696,92.58748141795733,91.00271013585278,0.5,0.6830985915492958
450,450,E,7.5426149902944655,-0.914,-2.649,-1.735,87.70551517548802,85.8893773385639,0.4896907216494845,0.5618556701030928
451,451,A,6.925721491425052,-0.735,-4.86,-4.125,91.19597496283266,90.62796065313339,0.0,0.0
452,452,A,5.6271105153620935,-0.563,-0.573,-0.01,91.07686523195092,88.64803681391548,0.330188679245283,0.5849056603773585
453,453,N,7.327618424770925,-0.254,-2.271,-2.017,90.92687365720722,87.74389547822055,0.8343949044585988,0.7770700636942676
454,454,F,7.870672692535255,-0.384,-2.892,-2.508,93.80807511250282,91.96550041037437,0.050761421319796954,0.050761421319796954
455,455,S,8.38305795772415,-0.615,-0.357,0.258,89.40278733063813,87.15830269322792,0.6384615384615384,0.6230769230769231
456,456,D,8.818062005434356,-1.311,-2.281,-0.97,91.72937809626524,89.66803852412669,0.13496932515337423,0.11042944785276074
457,457,K,8.121366499712117,-1.59,-4.957,-3.367,93.84111218043937,92.48887565030887,0.2975609756097561,0.33658536585365856
458,458,M,9.727632479285537,-0.273,-4.397,-4.124,94.55668055753146,92.75806826940183,0.14893617021276595,0.17553191489361702
459,459,D,9.066369418082477,-0.411,-6.78,-6.369,95.09692858238711,94.04579230218567,0.0,0.006134969325153374
460,460,V,8.19910272170048,-0.391,-5.686,-5.295,96.73850805882248,95.81067742267433,0.0,0.0
461,461,I,9.341359375667073,-0.809,-5.944,-5.135,97.16659401056837,95.82222835291694,0.029585798816568046,0.023668639053254437
462,462,F,10.481022396805837,-0.314,-4.739,-4.425,96.64685210620067,95.03903817675521,0.04568527918781726,0.025380710659898477
463,463,V,9.707736030398097,-0.083,-5.033,-4.95,96.70702158178783,95.2751104717821,0.0,0.0
464,464,A,9.629809961248158,0.47,-4.412,-4.882,97.31281348496525,95.84689247584325,0.0,0.009433962264150943
465,465,E,11.28539640220262,-1.514,-4.48,-2.966,96.83944336958596,95.41361253059675,0.27835051546391754,0.34536082474226804
466,466,M,11.69988210483464,-1.084,-4.902,-3.818,95.40408039411909,93.31232031794269,0.015957446808510637,0.005319148936170213
467,467,I,10.909810256310303,-0.193,-5.565,-5.372,95.70078604508299,93.87917758492503,0.029585798816568046,0.005917159763313609
468,468,E,11.818905362967278,-2.089,-3.91,-1.821,94.71993854226844,92.82942419187602,0.31958762886597936,0.33505154639175255
469,469,K,13.299304282815484,-0.385,-3.975,-3.59,93.6783491969869,91.72824794342698,0.32682926829268294,0.3024390243902439
470,470,F,13.114904202974211,-2.046,-7.288,-5.242,93.75325819466475,91.50379450741329,0.02030456852791878,0.0
471,471,G,12.85799044946497,-2.354,-2.339,0.015,90.84691582874046,87.84514324713987,0.09523809523809523,0.19047619047619047
472,472,R,14.268957198359406,-0.076,-0.388,-0.312,89.50730352962621,86.38439863032022,0.6854838709677419,0.6653225806451613
473,473,F,14.195493234154657,-1.518,-4.771,-3.253,89.75091956418346,87.16886185714871,0.17766497461928935,0.17766497461928935
474,474,T,13.495669818944725,-3.056,-3.066,-0.01,86.33042659065731,82.30393168501467,0.014084507042253521,0.14788732394366197
475,475,K,14.190766153293266,-0.463,-0.214,0.249,81.94942576973017,78.64075062254783,0.5756097560975609,0.6829268292682927
476,476,E,15.091520516814953,-0.303,-2.372,-2.069,79.79860100994685,76.04841454581593,0.3917525773195876,0.42783505154639173
477,477,E,15.604504741326574,-0.853,-1.241,-0.388,70.55121265824346,67.77699061565772,0.9175257731958762,0.7783505154639175
478,478,K,15.79069601929236,0.16,-0.708,-0.868,73.31654526267992,70.04621070176927,0.8585365853658536,0.8926829268292683
479,479,S,14.463092964165506,-0.525,-2.56,-2.035,80.2955442435309,76.55949622331558,0.0,0.015384615384615385
480,480,K,13.582451795829513,-0.996,-0.832,0.164,80.17237204930662,77.45745314364089,0.6926829268292682,0.624390243902439
481,481,E,12.335375736990954,-1.129,-3.663,-2.534,87.15866560771806,85.62766431524307,0.5360824742268041,0.5824742268041238
482,482,L,12.141855069228832,-0.094,-6.807,-6.713,91.6001050024334,90.07193360141305,0.0,0.0
483,483,G,11.285856564675749,0.173,-0.586,-0.759,91.47189580712943,88.87881037569069,0.0,0.023809523809523808
484,484,D,10.058986667778631,-0.669,-4.096,-3.427,92.62609049879948,90.09478272900924,0.38650306748466257,0.34355828220858897
485,485,V,9.9823456937177,-1.066,-5.112,-4.046,94.64449218668642,93.27053182218783,0.014084507042253521,0.09154929577464789
486,486,M,9.959136456124877,-1.027,-4.873,-3.846,95.3527580576165,94.14811757278162,0.010638297872340425,0.02127659574468085
487,487,V,8.70229823276342,-0.536,-5.245,-4.709,95.51467267466771,94.0428005682026,0.0,0.0
488,488,D,7.92189420734118,-1.334,-4.561,-3.227,95.43670038023858,94.11100310422505,0.1165644171779141,0.3128834355828221
489,489,I,8.286381782375042,-0.797,-6.484,-5.687,96.8477914235399,95.40390287933023,0.0,0.0
490,490,A,7.528562874237005,0.026,-4.524,-4.55,97.68836677813538,96.35210604665127,0.0,0.0
491,491,S,6.341376805451703,-0.268,-3.401,-3.133,96.33945299354858,95.30914265473578,0.0,0.0
492,492,N,6.351402308585978,-0.272,-5.163,-4.891,96.18962689860057,95.23759783457405,0.050955414012738856,0.16560509554140126
493,493,I,6.450360037341706,-1.105,-4.786,-3.681,97.13180132277401,96.19849529616343,0.0,0.0
494,494,M,5.085013571668659,0.444,-3.258,-3.702,95.20916793458551,94.35632109488955,0.005319148936170213,0.010638297872340425
495,495,L,4.550959682570477,-1.035,-2.678,-1.643,94.0622809291938,93.53728719331474,0.1951219512195122,0.4268292682926829
496,496,A,5.452903456513997,-0.302,-4.086,-3.784,94.40434304692711,94.15501875113522,0.0,0.018867924528301886
497,497,D,5.008143524624482,0.328,-3.712,-4.04,92.20235136774771,91.40290233271683,0.558282208588957,0.5153374233128835
498,498,E,4.1437510409644664,-0.212,-2.434,-2.222,90.72531300842367,89.09658752492957,0.6391752577319587,0.6804123711340206
499,499,R,5.198964455405454,-1.162,-2.578,-1.416,90.19659730788526,88.23321890429725,0.5887096774193549,0.5766129032258065
500,500,V,6.259905709673279,0.512,-3.894,-4.406,93.37486064972637,92.05813950157071,0.08450704225352113,0.06338028169014084
501,501,L,5.812500136633529,-0.037,-6.905,-6.868,95.15559555365652,93.6617813498805,0.012195121951219513,0.006097560975609756
502,502,W,5.38887955666272,-2.224,-4.782,-2.558,92.68597924164163,90.44817758502528,0.19383259911894274,0.18502202643171806
503,503,L,6.6784279184932105,-0.147,-3.892,-3.745,93.45069284085379,90.92138533935929,0.2926829268292683,0.3231707317073171
504,504,A,7.545278946943533,-0.178,-6.241,-6.063,95.79929587881762,94.1251102411325,0.0,0.0
505,505,Q,7.095920041972036,0.174,-5.093,-5.267,94.42419110638262,93.2565021840358,0.0,0.0
506,506,R,7.294105377195986,-0.196,-1.01,-0.814,92.20412002091955,89.91969375365979,0.5201612903225806,0.4959677419354839
507,507,E,8.772823639831026,-1.57,-1.407,0.163,92.80293551541054,91.21758572642203,0.5876288659793815,0.6752577319587629
508,508,A,9.243559564514056,-0.311,-1.326,-1.015,95.18249939824412,92.93877356503431,0.2358490566037736,0.20754716981132076
509,509,K,8.466159692576802,0.063,-2.457,-2.52,95.4975090816803,93.81655946941294,0.3951219512195122,0.33170731707317075
510,510,A,8.30799216378336,-0.296,-4.778,-4.482,96.53601633774772,95.00593982921059,0.0,0.0
511,511,C,7.3173234733519505,-0.858,-1.886,-1.028,96.65153456585298,95.15525822900503,0.0,0.0
512,512,S,7.897260800531424,-0.419,-3.628,-3.209,95.12836071504648,93.15085067485546,0.023076923076923078,0.03076923076923077
513,513,R,9.145229817310772,-0.929,-4.587,-3.658,95.78552715538633,93.86377849588547,0.20967741935483872,0.3588709677419355
514,514,I,8.729899828455377,-0.015,-7.102,-7.087,96.98766542359752,95.23048151145359,0.005917159763313609,0.0
515,515,V,8.368637413534257,0.325,-5.447,-5.772,95.88669561289181,94.13867527326968,0.0,0.0
516,516,Q,9.756132246294765,-0.632,-3.139,-2.507,94.02917063890904,91.94894986294523,0.4292929292929293,0.398989898989899
517,517,C,10.431681724098334,-0.6,-0.302,0.298,94.63847817695043,92.86580821065384,0.08888888888888889,0.11851851851851852
518,518,L,9.72962714473909,0.09,-6.397,-6.487,94.90192923536391,92.85821443119474,0.018292682926829267,0.006097560975609756
519,519,Q,10.442056940570806,-1.491,-3.342,-1.851,92.5876787568737,90.63594066449166,0.1414141414141414,0.13131313131313133
520,520,R,12.011066983312817,-0.927,-2.971,-2.044,91.29572702093968,88.62943543522861,0.38306451612903225,0.5685483870967742
521,521,I,11.779920007565845,-0.591,-4.254,-3.663,90.6543659341542,88.19653588186297,0.01775147928994083,0.05325443786982249
522,522,A,11.906025832022609,-0.705,-2.479,-1.774,88.06493686151849,83.92561345522086,0.0,0.02830188679245283
523,523,T,12.626692948551897,-1.489,-2.656,-1.167,87.66699550210278,82.56802014927544,0.2535211267605634,0.2887323943661972
524,524,Y,13.568249960672254,-1.913,-3.02,-1.107,87.57317908192105,82.44496125712946,0.30180180180180183,0.3963963963963964
525,525,R,13.128815384072166,-1.349,-0.789,0.56,87.72354207970581,83.41134111394364,0.11693548387096774,0.25
526,526,L,13.948310737053516,0.228,-5.498,-5.726,86.62234418861945,81.79153639062,0.042682926829268296,0.04878048780487805
527,527,A,15.204945299458156,-0.718,-0.928,-0.21,82.88678518187737,75.14208384980428,0.6226415094339622,0.6792452830188679
528,528,G,16.21242139702253,-1.82,-0.229,1.591,80.05121905162261,70.43404730847179,0.7976190476190477,0.7261904761904762
529,529,G,16.693941515969023,-0.969,-1.607,-0.638,80.8007182452045,70.71602651926196,0.6904761904761905,0.7261904761904762
530,530,A,14.789779991113399,-0.572,-0.272,0.3,83.39334003027442,73.17017951278785,0.36792452830188677,0.2830188679245283
531,531,H,14.600380956125012,-0.517,-1.625,-1.108,85.80893375615777,81.23547378140029,0.6304347826086957,0.7445652173913043
532,532,V,13.007891885294082,0.97,0.583,-0.387,88.11306220897221,86.17340250199321,0.676056338028169,0.5915492957746479
533,533,Y,11.716441505163727,-1.679,-4.718,-3.039,89.97461044007736,87.7637752877856,0.11711711711711711,0.036036036036036036
534,534,S,10.266641670744638,-1.148,-2.384,-1.236,91.6111191822459,89.7432445083503,0.36153846153846153,0.43846153846153846
535,535,T,9.064283816764913,-2.149,-3.599,-1.45,92.71214331519364,90.30862169141903,0.07746478873239436,0.08450704225352113
536,536,Y,7.625553016795062,-1.358,-0.793,0.565,92.82767136392141,89.84472973442067,0.31981981981981983,0.2747747747747748
537,537,S,6.587377215308627,0.079,-1.663,-1.742,92.93074647127455,91.11328413559787,0.0,0.0
538,538,P,5.112356269103638,-2.776,-4.293,-1.517,91.20162955059577,88.91221804161088,0.022058823529411766,0.4117647058823529
539,539,N,4.965094620264444,-0.214,-5.692,-5.478,94.61064707112078,92.95870087181942,0.025477707006369428,0.03184713375796178
540,540,I,6.5077547601557635,-0.519,-5.785,-5.266,96.26061213670121,94.77132631312234,0.0,0.0
541,541,A,7.6444887710034815,-0.795,-4.807,-4.012,95.40981005531684,93.84598177045433,0.0,0.0
542,542,L,9.020175933912505,-2.712,-5.342,-2.63,95.2637222141276,93.55765801011167,0.0,0.006097560975609756
543,543,E,10.117179234598176,-2.625,-3.031,-0.406,93.10982985881222,91.3641506087251,0.22164948453608246,0.005154639175257732
544,544,A,11.314987756821777,0.332,-3.395,-3.727,93.0099667346305,91.13994149315626,0.02830188679245283,0.0
545,545,Y,12.552091863372764,3.443,-2.863,-6.306,90.45953055933182,88.54795890899982,0.4774774774774775,0.20270270270270271
546,546,V,13.764027760468618,-0.372,-3.844,-3.472,88.7969149492888,86.97221765375475,0.09859154929577464,0.24647887323943662
547,547,I,14.255157322591682,-1.987,-6.408,-4.421,86.37795902078769,83.7612262120492,0.029585798816568046,0.11242603550295859
548,548,K,15.776969531532584,-0.48,-1.711,-1.231,83.94937458080098,82.82456341875702,0.5463414634146342,0.4975609756097561
549,549,S,16.667493922948225,0.754,-2.192,-2.946,79.45597522879979,78.52448499329216,0.1,0.2692307692307692
550,550,T,17.071647006142026,0.028,1.684,1.656,78.82665100880307,76.8444529040999,0.8028169014084507,0.5985915492957746
551,551,G,16.17645389264896,-1.048,-1.153,-0.105,77.40647489048784,75.92950179288066,0.8095238095238095,0.7380952380952381
552,552,F,15.239736701965489,-2.981,-3.957,-0.976,84.62350890461967,83.77050324081755,0.14720812182741116,0.1319796954314721
553,553,T,15.065129718317245,-1.85,-1.239,0.611,84.52988555825424,84.75937717335084,0.44366197183098594,0.5492957746478874
554,554,G,13.697706730892723,-0.811,-3.066,-2.255,87.45953328217337,85.87296266576688,0.023809523809523808,0.011904761904761904
555,555,M,12.239305344743848,-0.359,-4.296,-3.937,88.8931289782941,87.63460563479916,0.0851063829787234,0.05319148936170213
556,556,T,10.972591394632659,0.198,-2.47,-2.668,91.05972731401405,89.51547923605568,0.33098591549295775,0.11267605633802817
557,557,C,9.33537035891261,-1.013,-2.229,-1.216,92.91129621816737,91.66520416171366,0.02962962962962963,0.0
558,558,T,8.048678381882537,-1.371,-5.127,-3.756,92.79265662211175,90.95850877242275,0.056338028169014086,0.07746478873239436
559,559,V,6.841869807342449,-0.725,-7.602,-6.877,93.27554205119206,91.65243085228799,0.014084507042253521,0.02112676056338028
560,560,F,6.096258876175155,-2.012,-7.131,-5.119,90.88286484892164,88.28093638493544,0.1116751269035533,0.16243654822335024
561,561,Q,5.095885703801847,-1.211,-4.687,-3.476,88.22723003726568,85.98731140894941,0.020202020202020204,0.20707070707070707
562,562,K,5.067799670570037,-0.428,-1.864,-1.436,81.6845661515499,75.45859213376195,0.4146341463414634,0.47804878048780486
563,563,V,4.323354247972281,-2.045,-2.948,-0.903,74.4102467419982,66.59622744048873,0.20422535211267606,0.323943661971831
564,564,A,2.8515548777658672,-1.866,-1.515,0.351,66.83213065331984,59.57818069180393,0.16037735849056603,0.32075471698113206
565,565,A,2.9478597353374507,-1.422,-0.462,0.96,57.208835200624875,51.841823654642205,0.6415094339622641,0.8207547169811321
566,566,S,3.6203274004329127,0.066,-0.644,-0.71,56.30393135868871,49.55965952021142,0.7461538461538462,0.7
567,567,D,5.68502094297289,-5.087,-5.373,-0.286,52.44614632454613,44.906046314892585,0.34355828220858897,0.6932515337423313
568,568,R,7.542296681253409,-3.453,-0.653,2.8,45.45015479193534,36.91495107358787,0.8225806451612904,0.8104838709677419
569,569,T,8.646110557240737,-7.269,0.983,8.252,42.170014970062766,31.791996276762795,0.9084507042253521,1.0
570,570,G,12.241467943131532,-5.19,-0.385,4.805,36.420088987390045,32.092092995735584,0.8333333333333334,0.8928571428571429
571,571,L,16.529913241535787,-3.829,-0.808,3.021,37.3610728032363,31.500399347336494,0.6646341463414634,0.9939024390243902
572,572,S,20.914833660954514,-4.638,-0.49,4.148,41.05355341529502,30.866816068948527,0.5769230769230769,0.8846153846153846
573,573,D,21.264383065889792,-7.584,-3.253,4.331,37.69569922890514,29.7244808635296,0.31901840490797545,0.9202453987730062
574,574,Y,23.211812773841125,-12.419,1.622,14.041,43.88920727352524,30.464816442457952,0.49099099099099097,0.8333333333333334
575,575,G,22.90860412167428,-12.589,-2.417,10.172,45.28989488332263,27.267562938854095,0.0,0.4880952380952381
576,576,R,18.065772297070577,-7.536,-1.694,5.842,39.11245625610172,32.96280285529792,0.5120967741935484,0.9354838709677419
577,577,R,15.637804055914746,-1.482,0.748,2.23,37.22478868786856,27.89791007653548,0.45161290322580644,0.8387096774193549
578,578,D,11.07422263101786,-4.559,-3.506,1.053,38.655525328649674,30.04730928209028,0.24539877300613497,0.6012269938650306
579,579,P,9.049698729748537,-1.526,-2.164,-0.638,39.16443235850601,34.67184868876938,0.9411764705882353,0.9264705882352942
580,580,E,7.716147861406067,-2.518,-0.892,1.626,36.04192693543155,32.15206847297667,0.7989690721649485,0.8195876288659794
581,581,G,7.9597773688894184,-5.212,-2.806,2.406,39.56106144352815,38.5011338625627,0.5476190476190477,0.7023809523809523
582,582,N,2.5886881866970346,-1.062,-1.036,0.026,44.68728360849854,43.634744499191584,0.4713375796178344,0.9044585987261147
583,583,L,3.9313652021014716,-0.313,-0.424,-0.111,48.706343278699926,48.181402521448035,0.573170731707317,0.6890243902439024
584,584,D,4.115128870937481,0.072,-0.87,-0.942,54.35690340710424,52.22171060143408,0.2085889570552147,0.32515337423312884
585,585,K,4.422064747512779,0.981,-0.131,-1.112,71.7759197941043,64.59280818041361,0.2146341463414634,0.7365853658536585
586,586,Q,5.230627257999796,-1.004,-3.516,-2.512,84.75545688078955,77.49927476730339,0.09595959595959595,0.26262626262626265
587,587,L,5.558127188629907,-0.11,-5.259,-5.149,90.01786949637595,86.6059522156999,0.018292682926829267,0.03048780487804878
588,588,S,6.654835880998203,-0.335,-4.039,-3.704,90.76753962416346,88.06781602292943,0.15384615384615385,0.2
589,589,F,7.649848523614598,-2.595,-2.358,0.237,91.72984097655596,88.79304712993851,0.08121827411167512,0.05583756345177665
590,590,K,8.444437978147697,-1.543,-2.834,-1.291,89.25311160114417,87.10046894075286,0.35609756097560974,0.4878048780487805
591,591,C,9.823594708807368,-0.974,1.436,2.41,89.05812377157446,87.29721871131163,0.2814814814814815,0.21481481481481482
592,592,N,10.871638755544412,-2.571,-2.593,-0.022,84.2851878201297,82.95582135425941,0.19745222929936307,0.37579617834394907
593,593,V,12.573871144788184,-5.199,-2.556,2.643,75.23983079597198,75.11206556954994,0.38028169014084506,0.5704225352112676
594,594,S,13.949511985858406,-1.629,-1.332,0.297,64.38082019111788,63.335221609415385,0.26153846153846155,0.49230769230769234
595,595,N,15.709075465854443,-1.497,-1.356,0.141,45.10698579518066,51.39757119917101,0.8853503184713376,0.5732484076433121
596,596,T,17.770004299447283,0.71,0.492,-0.218,44.252416843562955,47.24549335154733,0.6830985915492958,0.6830985915492958
597,597,F,14.650903370010205,0.813,2.287,1.474,42.381706592459516,48.447850833430486,0.7208121827411168,0.6954314720812182
598,598,S,13.777722655131024,-2.851,-1.082,1.769,49.13133133754308,40.623666484731075,0.5384615384615384,0.5846153846153846
599,599,S,12.079837926678984,-1.704,-1.401,0.303,51.696193071004004,46.11922466115538,0.7230769230769231,0.8153846153846154
600,600,L,10.304743290917209,-2.664,-0.963,1.701,52.7159215208976,49.12706539655255,0.4451219512195122,0.4634146341463415
601,601,A,10.343295529136855,-0.082,0.305,0.387,54.08987923097811,46.91687726604686,0.6981132075471698,0.8490566037735849
602,602,L,8.414077884951695,-3.76,-4.376,-0.616,63.697265218099105,56.47700426814265,0.18292682926829268,0.32926829268292684
603,603,K,7.799951636247315,0.194,-0.526,-0.72,66.30076526802986,57.75701376676806,0.8731707317073171,0.8780487804878049
604,604,N,5.862812365076801,-0.519,-2.909,-2.39,77.17025215361035,72.16554629392702,0.8152866242038217,0.535031847133758
605,605,T,5.659087530920096,0.309,-2.379,-2.688,82.52036461259966,77.45400175917948,0.2323943661971831,0.3028169014084507
606,606,I,5.226852728209016,-0.374,-2.773,-2.399,85.11367343776939,81.8685178304372,0.35502958579881655,0.3727810650887574
607,607,V,5.97026160743524,-0.875,-3.324,-2.449,88.73659405640645,87.18286694846607,0.3873239436619718,0.3873239436619718
608,608,E,5.339572527055376,-0.125,-4.166,-4.041,90.42042636113538,89.01665168034813,0.10309278350515463,0.12886597938144329
609,609,A,6.490623476760267,0.226,-4.046,-4.272,93.68486372197617,93.00541320298218,0.018867924528301886,0.018867924528301886
610,610,S,7.99943491693956,-0.405,-4.348,-3.943,93.63865046775645,92.55520723929736,0.23076923076923078,0.2
611,611,I,9.038258534544232,0.348,-5.413,-5.761,93.9519692717095,92.80459117839165,0.011834319526627219,0.011834319526627219
612,612,Q,10.499705358631022,-0.444,-3.422,-2.978,92.08510715008217,91.37829010873831,0.5,0.3686868686868687
613,613,L,11.38670798226375,1.011,-5.559,-6.57,90.29460798052692,89.08056363336382,0.04878048780487805,0.006097560975609756
614,614,P,13.013700751381586,-0.099,-5.243,-5.144,89.31015855459447,88.05388070174567,0.19852941176470587,0.17647058823529413
615,615,P,14.438539466694811,-0.303,-4.183,-3.88,84.50000178006194,82.7737069837471,0.5588235294117647,0.47058823529411764
616,616,S,15.107213876919921,-0.625,-2.009,-1.384,82.91195462532106,82.02376978956251,0.4307692307692308,0.5153846153846153
617,617,L,13.777106307547916,-0.956,-5.804,-4.848,80.92059744833993,79.40306382003676,0.012195121951219513,0.12195121951219512
618,618,F,15.695844387691803,-3.488,-6.872,-3.384,77.89852420817746,78.03875806348837,0.0,0.1116751269035533
619,619,S,17.207689463194324,-0.231,-1.785,-1.554,69.95938371628687,67.28461905173894,0.47692307692307695,0.5461538461538461
620,620,P,18.595626588924006,-0.628,-2.306,-1.678,58.91349908499147,58.20053513058178,0.6985294117647058,0.9632352941176471
621,621,K,18.37791972272097,0.465,0.934,0.469,54.455887322093986,50.30052421001891,0.624390243902439,0.7707317073170732
622,622,Q,19.22338968587461,-6.017,-0.147,5.87,44.605250507564044,41.876193363175844,0.8080808080808081,0.8939393939393939
623,623,K,20.176875963977675,-3.597,1.033,4.63,44.61905056844262,38.52172316750511,0.5170731707317073,0.751219512195122
624,624,R,22.422549286233025,-0.882,1.069,1.951,46.37834398416452,38.23472236748784,0.9475806451612904,0.9032258064516129
625,625,E,23.73611816189736,-5.565,0.132,5.697,45.95946998108411,36.30020359909395,0.7371134020618557,0.9484536082474226
626,626,L,21.98620432696261,-3.499,0.066,3.565,46.14723584339662,39.953850679041345,0.6402439024390244,0.7560975609756098
627,627,R,21.677510004625212,-1.789,-0.215,1.574,43.69082759314915,43.306595682312036,0.7661290322580645,0.7782258064516129
628,628,P,20.312699239203255,-1.299,-2.577,-1.278,45.372909527883166,41.936432235321256,0.9338235294117647,0.9411764705882353
629,629,T,19.77977042090605,-2.926,-1.503,1.423,47.11569481677724,40.18406900888658,0.676056338028169,0.5
630,630,D,19.50548561241135,-4.663,0.499,5.162,54.285207646566036,50.1645743393674,0.7239263803680982,0.8834355828220859
631,631,D,18.704810954610945,-5.849,-2.315,3.534,59.471773633680634,59.03873887107738,0.44171779141104295,0.44785276073619634
632,632,S,17.69325737420745,-3.281,-2.913,0.368,75.21460754786563,73.22391343294025,0.27692307692307694,0.43846153846153846
633,633,L,15.65374755284712,-2.767,-1.513,1.254,81.44042414158854,79.842782464507,0.4573170731707317,0.6036585365853658
634,634,Y,14.376646194940161,-0.591,-6.408,-5.817,86.1657027091669,83.11133163732829,0.09009009009009009,0.22972972972972974
635,635,K,13.32998243900736,-0.674,-2.556,-1.882,88.34656483437739,86.5181955731042,0.32682926829268294,0.2975609756097561
636,636,L,12.11092080423087,0.293,-5.634,-5.927,90.56718511010075,88.31320231314523,0.07317073170731707,0.012195121951219513
637,637,Q,10.799212775837676,0.015,-2.983,-2.998,92.64248272694819,90.83613418701809,0.020202020202020204,0.020202020202020204
638,638,L,9.407129856976145,0.295,-4.824,-5.119,95.20845933994843,93.31765272103134,0.07317073170731707,0.0
639,639,I,8.22443574788053,-0.689,-7.585,-6.896,96.90646469538179,95.28132320808639,0.0,0.0
640,640,A,6.981256608591053,-1.37,-4.716,-3.346,96.69847946007941,95.1705928215725,0.009433962264150943,0.009433962264150943
641,641,F,5.587019218937201,0.029,-8.155,-8.184,97.0901030103991,95.64746420099767,0.0,0.0
642,642,R,4.160361779318557,-3.164,-5.493,-2.329,93.97958703835805,92.59328297882192,0.07258064516129033,0.4596774193548387
643,643,N,3.7839313305283366,-1.025,-3.885,-2.86,92.24246229405615,91.47546812395923,0.1337579617834395,0.16560509554140126
644,644,G,3.949146942427892,-0.083,-0.892,-0.809,92.08550860304685,90.6176877572481,0.14285714285714285,0.17857142857142858
645,645,K,4.249164099172219,-2.451,-2.264,0.187,92.80650213332622,92.36038987643268,0.3073170731707317,0.24390243902439024
646,646,L,5.539956197366409,0.215,-5.774,-5.989,95.60675080454702,94.4548080190219,0.0,0.006097560975609756
647,647,F,5.251609379553312,-1.063,-8.134,-7.071,94.01101158529693,92.58037257082178,0.015228426395939087,0.025380710659898477
648,648,P,4.328766613644195,-2.268,-4.555,-2.287,89.68898722999758,87.70692612268486,0.14705882352941177,0.1323529411764706
649,649,A,4.583399686175325,0.661,-0.652,-1.313,80.1302478016405,77.11714574053119,0.08490566037735849,0.16981132075471697
650,650,T,5.327010816286674,-0.203,-3.469,-3.266,80.01493720073562,73.82773457709582,0.02112676056338028,0.035211267605633804
651,651,G,5.051824627748585,-1.06,-2.479,-1.419,71.13458936079974,67.11412677760994,0.07142857142857142,0.32142857142857145
652,652,N,5.021618507084477,0.436,1.452,1.016,62.23073515529176,59.346041315808975,0.7388535031847133,0.8152866242038217
653,653,S,7.252310304665181,-0.147,-0.785,-0.638,54.350956114545625,52.57329945035667,0.23846153846153847,0.06923076923076923
654,654,T,6.311255138077208,-6.79,-1.775,5.015,58.36601693066312,52.4558655738258,0.19718309859154928,0.3380281690140845
655,655,N,4.944252734898284,-1.359,-0.883,0.476,60.594037250943536,54.38355809099856,0.6687898089171974,0.7261146496815286
656,656,L,4.182058298738341,-1.131,-3.401,-2.27,61.498878615268026,60.316070624656206,0.10365853658536585,0.09146341463414634
657,657,A,4.1129555362579024,-1.881,-0.869,1.012,55.761983783718264,51.30506177559799,0.02830188679245283,0.22641509433962265
658,658,D,6.602647894535627,-2.328,-3.318,-0.99,48.81367132275772,40.276876521325896,0.12269938650306748,0.39263803680981596
659,659,D,10.445458495683217,-0.148,-0.396,-0.248,51.78734293755769,42.646162999262735,0.3496932515337423,0.9447852760736196
660,660,G,7.170845615570946,-0.05,-1.977,-1.927,51.35032526141116,47.00755072301489,0.35714285714285715,0.8214285714285714
661,661,K,4.732946339414478,-0.859,-2.141,-1.282,55.92115942555983,52.11949015430001,0.8,0.5463414634146342
662,662,R,3.4322568013695047,2.372,3.485,1.113,66.24137332387045,68.04887299899832,0.45564516129032256,0.45564516129032256
663,663,R,3.443432706881564,-0.003,-3.045,-3.042,82.44296554660033,78.64021887671453,0.14112903225806453,0.2540322580645161
664,664,T,3.609709788496726,-0.884,-3.299,-2.415,85.15684292755795,83.391812477737,0.30985915492957744,0.323943661971831
665,665,V,3.9427242053452054,-0.518,-3.616,-3.098,90.72960581214521,89.82993918266774,0.18309859154929578,0.16901408450704225
666,666,V,3.843361533949832,-2.523,-6.054,-3.531,90.66359371752635,90.38577973674232,0.0,0.0
667,667,T,4.543411445807862,-0.877,-3.18,-2.303,94.291004936044,93.62819056522913,0.0,0.0
668,668,P,4.828066255445725,-0.08,-6.314,-6.234,95.5624438404572,94.38912462190413,0.029411764705882353,0.022058823529411766
669,669,V,5.731301572369794,0.017,-6.971,-6.988,96.43996430988138,95.32326352829558,0.0,0.0
670,670,I,7.191487574995396,-0.446,-6.012,-5.566,95.79685664608479,94.69451606302299,0.005917159763313609,0.005917159763313609
671,671,L,8.196898891337067,-0.919,-2.892,-1.973,94.5960772006189,93.59821122821496,0.006097560975609756,0.0
672,672,T,9.550438804642166,-0.094,-3.242,-3.148,92.99545960198972,91.17899469413138,0.04225352112676056,0.028169014084507043
673,673,K,10.983284221927219,-2.062,-3.823,-1.761,90.15435520158813,87.77308116767561,0.37073170731707317,0.24390243902439024
674,674,I,12.648147324297733,-0.378,-3.999,-3.621,87.68406557349365,85.38743448082337,0.16568047337278108,0.08284023668639054
675,675,D,13.527431729774158,-0.716,-5.82,-5.104,80.62901357754163,77.70608034578929,0.19631901840490798,0.25766871165644173
676,676,G,15.042601024814644,1.22,-0.887,-2.107,70.69574244725071,66.39244781906221,0.7261904761904762,0.6428571428571429
677,677,V,16.804895048760603,3.067,2.258,-0.809,59.60911512825122,62.77404343684554,0.4014084507042254,0.2746478873239437
678,678,N,13.708262045793814,0.139,0.809,0.67,56.67590401625874,48.34553172666073,0.9363057324840764,1.0
679,679,V,13.796604392624907,-3.306,-2.897,0.409,59.49097243697338,49.70746672298355,0.14084507042253522,0.704225352112676
680,680,D,12.873456934839965,-4.439,-3.561,0.878,60.467765563251284,50.50599765711989,0.3496932515337423,0.8343558282208589
681,681,T,12.723566735031065,-2.838,-3.225,-0.387,65.41828266655261,57.18755585728351,0.13380281690140844,0.1619718309859155
682,682,H,12.818000219182176,-0.928,1.211,2.139,63.51046495617808,56.50833019640332,0.6739130434782609,0.6086956521739131
683,683,H,13.526758447585548,-0.975,-0.867,0.108,74.62746524101884,71.09340047675579,0.7663043478260869,0.8641304347826086
684,684,I,13.027345859093039,0.098,-2.666,-2.764,84.61442535101274,80.53452543030052,0.10650887573964497,0.21893491124260356
685,685,P,11.807721049529512,-2.706,-5.415,-2.709,89.89215199516201,87.9285965359103,0.35294117647058826,0.34558823529411764
686,686,V,10.482752878702803,-0.209,-5.379,-5.17,91.28602500033699,89.91195818944988,0.02112676056338028,0.007042253521126761
687,687,N,9.795134072708482,-0.134,-5.74,-5.606,93.15225793074443,92.6242009832611,0.27388535031847133,0.2356687898089172
688,688,V,8.522242706587527,-0.402,-6.249,-5.847,94.9264009261783,94.21783935035705,0.0,0.0
689,689,T,7.7933809387185695,-1.122,-4.49,-3.368,94.81121042312975,94.00868600959113,0.2605633802816901,0.2676056338028169
690,690,L,6.2009815595675,0.499,-4.881,-5.38,95.51085110765473,94.6649637774504,0.0,0.0
691,691,R,5.182269066761396,-1.082,-4.085,-3.003,92.60284925442765,91.81062703809484,0.31048387096774194,0.2620967741935484
692,692,R,4.551294347478937,-1.823,-3.118,-1.295,89.92620875906039,88.53176673238849,0.13709677419354838,0.14516129032258066
693,693,I,3.4769040169948706,-1.036,-0.502,0.534,86.70376362224326,86.87250894802001,0.44970414201183434,0.5266272189349113
694,694,A,3.5478953452443633,-0.884,-2.283,-1.399,84.30968865650811,83.53025190572248,0.16037735849056603,0.29245283018867924
695,695,H,4.795977244271905,-0.705,-1.372,-0.667,83.15653123110006,81.98351960785065,0.41304347826086957,0.4782608695652174
696,696,G,4.638054589020962,-0.58,-1.746,-1.166,81.68044127647121,78.96275185460313,0.39285714285714285,0.32142857142857145
697,697,A,5.3687481175644445,-0.24,-1.104,-0.864,82.9813998370543,80.69127830757871,0.5471698113207547,0.49056603773584906
698,698,D,5.656742722405581,-0.39,-2.308,-1.918,84.75863991181834,82.89190408516657,0.656441717791411,0.558282208588957
699,699,A,5.857319887229729,-0.797,-1.454,-0.657,89.62357294335001,88.59118929053135,0.32075471698113206,0.3113207547169811
700,700,V,6.12444011429612,-1.221,-4.578,-3.357,90.29311261768672,89.8998692153471,0.14788732394366197,0.18309859154929578
701,701,A,6.800785706164958,0.301,-2.447,-2.748,92.97190210497423,92.01092872485962,0.04716981132075472,0.03773584905660377
702,702,A,6.573575674317485,0.132,-4.74,-4.872,91.67803113694379,90.26614349840536,0.0,0.0
703,703,R,7.2827240503310255,0.038,-3.091,-3.129,91.31222301402775,90.15674338659888,0.1693548387096774,0.1935483870967742
704,704,W,7.068447657249558,-1.171,-5.026,-3.855,92.09816820757601,89.47990321845003,0.02643171806167401,0.004405286343612335
705,705,D,8.048413964683984,-3.185,-5.159,-1.974,90.15259991742623,87.9732263571197,0.2147239263803681,0.20245398773006135
706,706,F,8.581446832847165,1.653,2.038,0.385,90.4050549572324,88.42193771807437,0.20812182741116753,0.15736040609137056
707,707,D,9.340981819629825,-0.362,-3.246,-2.884,88.92657668152701,86.34953443621609,0.8220858895705522,0.8098159509202454
708,708,L,8.322600016752816,-2.728,-4.331,-1.603,85.63197793036375,83.97845523087351,0.18902439024390244,0.22560975609756098
709,709,L,8.026789859145653,-1.239,-0.63,0.609,83.06282581811159,81.0344818897847,0.3170731707317073,0.3353658536585366
710,710,N,8.92309721018192,0.751,-1.119,-1.87,84.43343441585033,82.97913556071238,0.9426751592356688,0.9681528662420382
711,711,G,9.273654784982439,-0.074,-2.534,-2.46,85.40027967283912,81.07784774043466,0.2857142857142857,0.27380952380952384
712,712,Q,7.735936294857957,1.008,-2.716,-3.724,86.71500078025814,83.14513165533047,0.1919191919191919,0.19696969696969696
713,713,G,7.262252208896991,-0.753,-4.43,-3.677,88.51643120575677,85.16869047731792,0.0,0.0
714,714,G,5.869260452635575,0.299,-3.232,-3.531,89.58586364286326,87.36567757730612,0.0,0.0
715,715,W,5.52443557905572,-0.753,-8.921,-8.168,90.42815285349654,88.23994529946678,0.01762114537444934,0.04405286343612335
716,716,K,6.327458765851494,-2.777,-5.029,-2.252,87.6196104340784,86.1790586801146,0.3024390243902439,0.1951219512195122
717,717,S,6.78573706796885,0.036,-1.731,-1.767,87.75998068044537,86.02977919521878,0.35384615384615387,0.2923076923076923
718,718,D,8.219885986378422,-0.084,-1.082,-0.998,84.75216264599345,83.51073811373813,0.6809815950920245,0.5644171779141104
719,719,G,9.284729455948389,-0.02,-2.919,-2.899,85.97680630329239,84.82683748706476,0.5357142857142857,0.5119047619047619
720,720,C,8.416595416419717,0.111,-1.022,-1.133,91.48014509073575,90.97194499088714,0.13333333333333333,0.11851851851851852
721,721,H,8.40018076499307,-0.412,-2.595,-2.183,93.04167565576812,92.67943292736437,0.42934782608695654,0.40217391304347827
722,722,I,8.177275054500559,-0.229,-3.627,-3.398,93.7082149531095,93.09320681477764,0.33727810650887574,0.3254437869822485
723,723,L,9.344877871012468,-0.417,-2.709,-2.292,93.26536551906746,92.57661575645521,0.5060975609756098,0.5060975609756098
724,724,Y,8.820859853477081,0.29,-1.755,-2.045,91.27044838230948,91.20805250450279,0.6666666666666666,0.6711711711711712
725,725,S,7.742592474696572,-3.178,-0.542,2.636,88.04157893879483,87.5630978281183,0.5,0.47692307692307695
726,726,D,7.534136016236419,-3.36,-1.409,1.951,84.33299294092876,85.2335754978071,0.49693251533742333,0.43558282208588955
727,727,E,6.517458887811497,-2.037,-2.605,-0.568,80.6298226913102,80.27687099010086,0.7474226804123711,0.6494845360824743
728,728,N,5.765606048872967,-0.247,-2.417,-2.17,87.02765869329664,86.01196765803275,0.43312101910828027,0.43312101910828027
729,729,I,6.267511735560481,-2.504,-1.592,0.912,91.41257879918292,90.77127962475447,0.2781065088757396,0.23076923076923078
730,730,T,6.733811978993186,0.157,-5.215,-5.372,94.23996619032276,93.674135118095,0.0,0.0
731,731,T,7.951997869024668,-0.308,-6.773,-6.465,95.18088049376512,94.72468180393967,0.20422535211267606,0.18309859154929578
732,732,I,8.170215154329233,-0.172,-6.518,-6.346,95.24507213993117,94.6888548504347,0.0,0.0
733,733,Q,9.425529796566227,-1.84,-4.502,-2.662,94.21757422963667,93.81754692330429,0.16161616161616163,0.15151515151515152
734,734,C,9.45208905127694,-0.726,-2.527,-1.801,92.69145689140224,91.97513726040076,0.0,0.007407407407407408
735,735,Y,10.83272656823056,0.399,-1.933,-2.332,89.68267984510585,88.2664369457756,0.4099099099099099,0.36486486486486486
736,736,S,10.543987511609922,0.793,-1.146,-1.939,87.22773391215132,84.30797780853278,0.16923076923076924,0.2153846153846154
737,737,L,10.290144434897693,-1.865,-3.385,-1.52,87.90604611501962,85.50257030712646,0.16463414634146342,0.22560975609756098
738,738,S,9.197159487276567,1.712,0.558,-1.154,89.92051074189213,87.64254798617026,0.14615384615384616,0.13076923076923078
739,739,N,7.715961583464795,-2.374,-2.338,0.036,93.2741902079343,91.33573224659435,0.01910828025477707,0.012738853503184714
740,740,Y,7.0032152676156425,-0.461,-6.365,-5.904,95.0545812404272,93.84149907630245,0.0,0.0
741,741,A,5.8255587554048605,-0.14,-4.85,-4.71,94.73835740077784,94.07162237302536,0.0,0.0
742,742,V,5.4766290572309595,0.055,-7.325,-7.38,93.67596576848622,93.05911265078386,0.0,0.0
743,743,L,4.546064959528879,-1.161,-7.436,-6.275,90.34251196110552,89.66816677903036,0.0,0.018292682926829267
744,744,M,4.200765880275331,-3.311,-4.041,-0.73,88.55950880127935,88.05424709634204,0.010638297872340425,0.005319148936170213
745,745,D,3.737355741789038,-0.1,-7.511,-7.411,83.12406403619143,80.4647672232361,0.31901840490797545,0.09202453987730061
746,746,L,3.4692400797966196,-0.471,-2.356,-1.885,79.2149532045572,74.28678888508273,0.18292682926829268,0.3353658536585366
747,747,T,3.5786424951720384,-2.033,-2.205,-0.172,71.16019591758662,64.75066060989774,0.7323943661971831,0.49295774647887325
748,748,G,3.0916010321878766,0.772,1.762,0.99,57.44661528954931,47.68824973348455,0.9523809523809523,0.4166666666666667
749,749,S,3.5278879877307845,3.101,-0.056,-3.157,50.22100116737056,42.7778868841051,0.3769230769230769,0.14615384615384616
750,750,E,3.076222510065965,-3.631,-3.143,0.488,41.85794745009479,39.29920296186174,0.4845360824742268,0.6804123711340206
751,751,L,8.588874314122034,-0.528,-0.502,0.026,45.971715880219556,40.213341474533074,0.4329268292682927,0.8475609756097561
752,752,Y,6.169015764608551,1.836,0.827,-1.009,40.321422376906405,36.28758541114803,0.7432432432432432,0.8918918918918919
753,753,T,6.611627156563514,-1.176,1.557,2.733,40.52701614938269,32.457749589048035,0.6971830985915493,0.6971830985915493
754,754,Q,8.899824032927224,-5.473,-1.271,4.202,39.86212923107086,36.293222452713955,0.494949494949495,0.6919191919191919
755,755,A,9.184777689589707,-1.91,-0.424,1.486,40.341203080541156,33.86940939727718,0.37735849056603776,0.6037735849056604
756,756,A,9.987044484985326,-2.534,-0.938,1.596,49.39547530443269,44.335008290498074,0.25471698113207547,0.44339622641509435
757,757,S,11.892422983962199,-3.403,-1.476,1.927,54.49585373197805,54.134748217653176,0.8153846153846154,0.5923076923076923
758,758,L,14.680063745552708,-0.627,-0.995,-0.368,63.32213881654025,63.652502235991946,0.725609756097561,0.7378048780487805
759,759,L,16.28890725206689,-2.112,-5.364,-3.252,73.3921208864458,73.66408358900365,0.15853658536585366,0.0975609756097561
760,760,H,18.896727188254754,-0.104,-2.638,-2.534,80.00442370786003,81.75992034319323,0.6684782608695652,0.33152173913043476
761,761,P,21.6199840220023,-0.29,-4.353,-4.063,83.48211340308079,85.63809320841116,0.6691176470588235,0.6544117647058824
762,762,V,23.557650765749493,1.468,-0.559,-2.027,87.59386488507151,89.73186265967705,0.6197183098591549,0.19718309859154928
763,763,V,21.43058524288515,1.546,-2.245,-3.791,87.71842685058868,90.46524932021201,0.38028169014084506,0.007042253521126761
764,764,Y,21.753315294185917,-1.813,-3.42,-1.607,88.27217949279968,90.40801413775569,0.2882882882882883,0.25675675675675674
765,765,T,24.96915814610399,0.023,-2.865,-2.888,89.73485155201159,91.65661722956858,0.5774647887323944,0.5845070422535211
766,766,T,25.444938203626958,-0.257,-2.519,-2.262,92.36599717961074,94.02722539287264,0.5915492957746479,0.04225352112676056
767,767,A,23.50762486158521,-0.704,-3.463,-2.759,92.41717541360264,92.91794687945088,0.11320754716981132,0.018867924528301886
768,768,I,25.631134198081167,-0.069,-2.277,-2.208,92.73586870932364,93.93528385023215,0.5621301775147929,0.5502958579881657
769,769,I,28.379810044088195,0.648,-3.041,-3.689,95.20884805286948,95.41323573407941,0.5621301775147929,0.3727810650887574
770,770,L,27.208065390540437,1.748,-3.668,-5.416,95.3228985908497,95.4812122394014,0.42073170731707316,0.006097560975609756
771,771,L,26.636827443777065,-0.498,-5.497,-4.999,95.19505423598251,95.7377416179862,0.16463414634146342,0.16463414634146342
772,772,L,29.68849580821745,-0.411,-2.807,-2.396,95.12868761831609,95.37545508282011,0.676829268292683,0.6463414634146342
773,773,C,31.276501525098908,1.081,-0.697,-1.778,95.52191788685182,94.88599484853691,0.5037037037037037,0.2
774,774,L,29.744117855389536,-0.085,-6.572,-6.487,94.90963244304866,94.92565094659922,0.09146341463414634,0.0
775,775,L,31.053085008568853,-1.699,-3.839,-2.14,93.9253028334246,93.70487947627589,0.4329268292682927,0.5
776,776,A,34.26792550117744,0.153,-2.948,-3.101,92.74105252506068,90.55123853707724,0.49056603773584906,0.37735849056603776
777,777,V,34.40501598824429,1.712,-3.328,-5.04,90.26440979292245,90.89115986402582,0.34507042253521125,0.007042253521126761
778,778,I,33.481929005061986,-0.581,-4.71,-4.129,90.41591097608169,91.1209027561067,0.10650887573964497,0.13609467455621302
779,779,V,36.18438018719069,0.608,-1.869,-2.477,90.17222807742188,89.83824292232543,0.6126760563380281,0.5352112676056338
780,780,S,38.89954835374263,0.846,-3.53,-4.376,88.4186256555406,88.3963852048533,0.43846153846153846,0.09230769230769231
781,781,Y,38.77195108409599,-0.759,-3.987,-3.228,86.17331722851162,87.36177883692811,0.31981981981981983,0.0045045045045045045
782,782,I,38.95200099157536,-1.274,-1.98,-0.706,86.00460818688519,87.73590420250365,0.4970414201183432,0.5266272189349113
783,783,Y,41.772657418876406,-1.046,0.183,1.229,86.64987098270375,85.36594587633088,0.8198198198198198,0.7972972972972973
784,784,H,43.595130778055335,0.717,-4.808,-5.525,83.05428645840514,80.75405880210928,0.42934782608695654,0.10869565217391304
785,785,H,42.56805181004363,-1.38,-0.157,1.223,77.50297147148466,79.04527290935583,0.44565217391304346,0.3967391304347826
786,786,S,46.058751353609836,0.069,-0.848,-0.917,77.4390109033693,76.27536078283991,0.8538461538461538,0.8769230769230769
787,787,L,46.69832700525036,1.208,-0.708,-1.916,79.32426817516897,76.18820750350824,0.75,0.5487804878048781
788,788,I,44.0008648271376,2.772,-2.584,-5.356,77.30191871066108,77.93370822700624,0.28402366863905326,0.05325443786982249
789,789,R,44.36942222271442,2.783,1.491,-1.292,77.6981763170297,75.48541278298624,1.0,0.3709677419354839
790,790,I,41.49068694912024,1.157,-1.555,-2.712,81.3939343130887,79.41883037866148,0.4260355029585799,0.1242603550295858
791,791,S,40.255375532525754,0.289,-3.209,-3.498,85.81932724597753,79.69122457855138,0.5307692307692308,0.06923076923076923
792,792,L,39.51881429917423,-0.349,-0.548,-0.199,82.51928183364453,80.85986621357385,0.6097560975609756,0.5609756097560976
793,793,K,36.448683871368765,0.759,-1.407,-2.166,86.29858412482825,82.655061331522,0.7707317073170732,0.48292682926829267
794,794,S,35.762805817056595,-0.626,-2.726,-2.1,85.28128606826431,83.46244579330921,0.3384615384615385,0.16153846153846155
795,795,W,36.79260292337244,-0.159,-5.011,-4.852,85.61063569548968,88.08792166814075,0.17180616740088106,0.18061674008810572
796,796,H,34.47129259129103,0.652,-1.831,-2.483,86.0648875079314,88.18541277875494,0.45652173913043476,0.20108695652173914
797,797,M,31.837541081309027,2.474,-0.331,-2.805,89.40754917852972,89.62156338996627,0.6329787234042553,0.005319148936170213
798,798,L,32.62764140032784,2.266,-2.842,-5.108,87.8258786767053,90.3474502329112,0.2926829268292683,0.09146341463414634
799,799,V,32.72997972003178,-0.869,-4.898,-4.029,89.28512712958359,91.63152568617157,0.09154929577464789,0.15492957746478872
800,800,N,29.502884325058815,0.412,-2.989,-3.401,90.47690811168226,92.86249069229916,0.4840764331210191,0.1464968152866242
801,801,L,27.507188664392878,2.183,-1.93,-4.113,92.54458250975013,93.47360186531529,0.6341463414634146,0.07317073170731707
802,802,C,28.433790515899585,0.047,-2.623,-2.67,92.93295010175846,94.67005355266531,0.11851851851851852,0.007407407407407408
803,803,F,27.26305241734626,-0.02,-2.252,-2.232,92.18330813950296,95.26743689995534,0.49238578680203043,0.5177664974619289
804,804,H,23.709221890084763,1.956,-2.189,-4.145,91.01736996262744,95.80432515722755,0.6195652173913043,0.02717391304347826
805,805,I,23.103396451932287,1.767,-4.72,-6.487,92.22328403314025,95.28986032387,0.38461538461538464,0.0
806,806,F,24.27473684346093,-2.466,-6.489,-4.023,93.50928204392319,96.20760436155149,0.20304568527918782,0.29949238578680204
807,807,L,21.95972945469478,0.591,-2.928,-3.519,89.60360002383334,95.26418808721364,0.4634146341463415,0.23780487804878048
808,808,T,18.93693929689201,0.82,-3.136,-3.956,87.9660043629798,94.91683189843154,0.34507042253521125,0.07042253521126761
809,809,C,20.010194556742118,-0.531,-2.498,-1.967,90.45994168301232,94.56997113615753,0.18518518518518517,0.07407407407407407
810,810,V,20.07105005128658,-1.282,-2.893,-1.611,88.26823479731712,94.59631324260683,0.44366197183098594,0.4084507042253521
811,811,V,17.202527961317877,0.935,-2.639,-3.574,85.048561936782,93.70279994904355,0.21830985915492956,0.14084507042253522
812,812,F,15.994435609370266,2.114,-3.487,-5.601,83.98044938508936,92.45728078617638,0.36548223350253806,0.14213197969543148
813,813,V,17.0479576699035,-0.96,-2.378,-1.418,83.70346227111426,91.08242762931695,0.20422535211267606,0.1056338028169014
814,814,G,16.090165723032978,0.131,0.745,0.614,78.27854400193598,87.27854600992303,0.42857142857142855,0.5833333333333334
815,815,G,13.679670376701102,-0.374,-0.11,0.264,75.86643074758642,87.27427217619183,0.16666666666666666,0.03571428571428571
816,816,I,12.484077901632773,4.347,-0.054,-4.401,72.73887213114463,87.93487682446676,0.46153846153846156,0.03550295857988166
817,817,T,10.893245652546804,-0.998,-2.968,-1.97,67.73199325099836,83.55937776546072,0.2746478873239437,0.2112676056338028
818,818,Q,9.979214815626179,1.121,-0.168,-1.289,65.18951637128337,82.78836903587202,0.46464646464646464,0.40404040404040403
819,819,T,7.223530980559791,0.119,-0.574,-0.693,63.79307819722862,78.4868214711471,0.5774647887323944,0.3732394366197183
820,820,R,5.714646728478,-0.767,-0.004,0.763,53.29664425995815,72.60401054271574,0.75,0.8467741935483871
821,821,N,8.014564353026556,-0.277,-2.904,-2.627,61.34929740925872,79.15163880017279,0.46496815286624205,0.45222929936305734
822,822,A,8.150912403896495,-0.419,-0.691,-0.272,69.81442679005704,81.0176071962255,0.660377358490566,0.5
823,823,S,11.128730963661432,-0.04,-1.142,-1.102,71.13599360899569,85.21493349750288,0.6692307692307692,0.6692307692307692
824,824,I,11.773840071465411,0.367,-2.467,-2.834,70.28461687323761,85.77273361943332,0.40236686390532544,0.378698224852071
825,825,C,9.726716287842295,-1.074,-0.052,1.022,72.60182042328779,87.80318396756822,0.3037037037037037,0.0
826,826,Q,10.829342906596091,2.1,-1.349,-3.449,73.41755320597075,89.94494219686374,0.6919191919191919,0.1919191919191919
827,827,A,13.417136879250943,0.938,-1.887,-2.825,73.17956119943392,91.02297915213795,0.46226415094339623,0.41509433962264153
838,828,A,21.091923071425217,1.779,-3.463,-5.242,70.97121122043063,96.05212866177844,0.16037735849056603,0.0
840,829,V,18.9493298350001,-0.377,-2.273,-1.896,71.60737111437332,95.03125438659755,0.5352112676056338,0.028169014084507043
846,830,T,24.625849749904663,3.597,0.021,-3.576,73.91276166349053,90.87368165860839,0.7535211267605634,0.2112676056338028
855,831,T,38.41612454062074,0.655,-1.802,-2.457,71.11380876550537,83.6060447680029,0.5492957746478874,0.323943661971831
945,832,H,42.108898552291365,1.739,-0.882,-2.621,68.22924446159413,79.50166474045727,0.3695652173913043,0.3804347826086957
952,833,L,42.096204691970165,2.525,1.367,-1.158,68.17182162592144,61.459251329586536,1.0,0.5182926829268293
